{
    "root_group": {
        "checks": {
            "responseUsers OK": {
                "id": "01c2e23b6544cd3dd059e8122d3d2b8b",
                "passes": 1780,
                "fails": 0,
                "name": "responseUsers OK",
                "path": "::responseUsers OK"
            },
            "responsePlaylists OK": {
                "name": "responsePlaylists OK",
                "path": "::responsePlaylists OK",
                "id": "9f74c8d66f6a7c84373a93d5a18fb5b1",
                "passes": 1780,
                "fails": 0
            },
            "responseSongs OK": {
                "name": "responseSongs OK",
                "path": "::responseSongs OK",
                "id": "4cf9be2dbe8da2a6c77c1137378c7ca4",
                "passes": 1780,
                "fails": 0
            }
        },
        "name": "",
        "path": "",
        "id": "d41d8cd98f00b204e9800998ecf8427e",
        "groups": {}
    },
    "metrics": {
        "http_req_sending": {
            "min": 0,
            "med": 0,
            "max": 18.8472,
            "p(90)": 0,
            "p(95)": 0.5129400000000002,
            "avg": 0.053488745318352085
        },
        "http_reqs": {
            "count": 5340,
            "rate": 29.64653360687246
        },
        "iterations": {
            "count": 1780,
            "rate": 9.882177868957486
        },
        "http_req_tls_handshaking": {
            "p(90)": 0,
            "p(95)": 0,
            "avg": 0,
            "min": 0,
            "med": 0,
            "max": 0
        },
        "http_req_duration": {
            "avg": 1.3563843820224746,
            "min": 0,
            "med": 1.0016,
            "max": 21.8333,
            "p(90)": 2.5883,
            "p(95)": 3.00612
        },
        "data_received": {
            "count": 4261320,
            "rate": 23657.933818284222
        },
        "http_req_duration{expected_response:true}": {
            "med": 1.0016,
            "max": 21.8333,
            "p(90)": 2.5883,
            "p(95)": 3.00612,
            "avg": 1.3563843820224746,
            "min": 0
        },
        "data_sent": {
            "count": 461020,
            "rate": 2559.484068059989
        },
        "vus": {
            "value": 10,
            "min": 10,
            "max": 10
        },
        "http_req_receiving": {
            "med": 0,
            "max": 20.3075,
            "p(90)": 0.9965,
            "p(95)": 1.001,
            "avg": 0.16271767790262204,
            "min": 0
        },
        "http_req_connecting": {
            "avg": 0.0011765917602996256,
            "min": 0,
            "med": 0,
            "max": 0.6283,
            "p(90)": 0,
            "p(95)": 0
        },
        "http_req_failed": {
            "passes": 0,
            "fails": 5340,
            "value": 0
        },
        "iteration_duration": {
            "avg": 1011.7549672471918,
            "min": 1001.1654,
            "med": 1010.8027,
            "max": 1047.6879,
            "p(90)": 1019.0585,
            "p(95)": 1020.30711
        },
        "http_req_blocked": {
            "max": 25.3266,
            "p(90)": 0,
            "p(95)": 0,
            "avg": 0.05674846441947566,
            "min": 0,
            "med": 0
        },
        "http_req_waiting": {
            "p(95)": 2.99951,
            "avg": 1.1401779588014982,
            "min": 0,
            "med": 1,
            "max": 7.5639,
            "p(90)": 2.00341
        },
        "vus_max": {
            "value": 10,
            "min": 10,
            "max": 10
        },
        "checks": {
            "fails": 0,
            "passes": 5340,
            "value": 1
        }
    }
}