{
    "metrics": {
        "http_reqs": {
            "count": 3580,
            "rate": 19.80255925775636
        },
        "http_req_duration{expected_response:true}": {
            "p(90)": 1.6111699999999998,
            "p(95)": 1.9592,
            "avg": 0.9336462011173203,
            "min": 0,
            "med": 0.9831,
            "max": 4.2978
        },
        "data_sent": {
            "count": 311460,
            "rate": 1722.8226554248033
        },
        "http_req_connecting": {
            "avg": 0.0011172625698324023,
            "min": 0,
            "med": 0,
            "max": 3.9998,
            "p(90)": 0,
            "p(95)": 0
        },
        "checks": {
            "fails": 0,
            "passes": 3580,
            "value": 1
        },
        "data_received": {
            "count": 1591310,
            "rate": 8802.237590072702
        },
        "http_req_duration": {
            "avg": 0.9336462011173203,
            "min": 0,
            "med": 0.9831,
            "max": 4.2978,
            "p(90)": 1.6111699999999998,
            "p(95)": 1.9592
        },
        "iteration_duration": {
            "p(90)": 1015.51975,
            "p(95)": 1017.0799900000001,
            "avg": 1009.9183416201097,
            "min": 1000.7774,
            "med": 1010.0957,
            "max": 1019.9157
        },
        "http_req_failed": {
            "fails": 3580,
            "passes": 0,
            "value": 0
        },
        "vus": {
            "value": 10,
            "min": 10,
            "max": 10
        },
        "http_req_receiving": {
            "max": 3.9998,
            "p(90)": 0.5654,
            "p(95)": 0.7452149999999983,
            "avg": 0.12697980446927384,
            "min": 0,
            "med": 0
        },
        "iterations": {
            "rate": 9.90127962887818,
            "count": 1790
        },
        "vus_max": {
            "min": 10,
            "max": 10,
            "value": 10
        },
        "http_req_sending": {
            "min": 0,
            "med": 0,
            "max": 3.4214,
            "p(90)": 0,
            "p(95)": 0.5224049999999999,
            "avg": 0.040685921787709585
        },
        "http_req_tls_handshaking": {
            "avg": 0,
            "min": 0,
            "med": 0,
            "max": 0,
            "p(90)": 0,
            "p(95)": 0
        },
        "http_req_waiting": {
            "med": 0.7725,
            "max": 4.0015,
            "p(90)": 1.3666,
            "p(95)": 1.6034,
            "avg": 0.7659804748603348,
            "min": 0
        },
        "http_req_blocked": {
            "avg": 0.018745195530726268,
            "min": 0,
            "med": 0,
            "max": 8.002,
            "p(90)": 0,
            "p(95)": 0
        }
    },
    "root_group": {
        "checks": {
            "responseUsers OK": {
                "path": "::responseUsers OK",
                "id": "01c2e23b6544cd3dd059e8122d3d2b8b",
                "passes": 1790,
                "fails": 0,
                "name": "responseUsers OK"
            },
            "responsePlaylists OK": {
                "id": "9f74c8d66f6a7c84373a93d5a18fb5b1",
                "passes": 1790,
                "fails": 0,
                "name": "responsePlaylists OK",
                "path": "::responsePlaylists OK"
            }
        },
        "name": "",
        "path": "",
        "id": "d41d8cd98f00b204e9800998ecf8427e",
        "groups": {}
    }
}