{
    "metrics": {
        "data_sent": {
            "count": 2305100,
            "rate": 12769.914893760704
        },
        "iteration_duration": {
            "p(90)": 1019.06603,
            "p(95)": 1022.4411650000001,
            "avg": 1013.8342119325878,
            "min": 1001.0748,
            "med": 1013.591,
            "max": 1048.6565
        },
        "http_req_blocked": {
            "med": 0,
            "max": 17.6572,
            "p(90)": 0,
            "p(95)": 0,
            "avg": 0.018062449438202247,
            "min": 0
        },
        "http_req_waiting": {
            "avg": 2.266048292134858,
            "min": 0,
            "med": 1.9984,
            "max": 37.1801,
            "p(90)": 3.9945,
            "p(95)": 4.9957
        },
        "http_req_duration": {
            "avg": 2.4593921348314853,
            "min": 0,
            "med": 2.0273,
            "max": 38.5846,
            "p(90)": 4.006,
            "p(95)": 5.050515
        },
        "http_req_duration{expected_response:true}": {
            "avg": 2.4593921348314853,
            "min": 0,
            "med": 2.0273,
            "max": 38.5846,
            "p(90)": 4.006,
            "p(95)": 5.050515
        },
        "checks": {
            "passes": 26700,
            "fails": 0,
            "value": 1
        },
        "vus": {
            "value": 50,
            "min": 50,
            "max": 50
        },
        "vus_max": {
            "value": 50,
            "min": 50,
            "max": 50
        },
        "iterations": {
            "count": 8900,
            "rate": 49.30469070950078
        },
        "http_req_failed": {
            "passes": 0,
            "fails": 26700,
            "value": 0
        },
        "http_req_connecting": {
            "p(90)": 0,
            "p(95)": 0,
            "avg": 0.0037175580524344562,
            "min": 0,
            "med": 0,
            "max": 6.5402
        },
        "http_req_sending": {
            "avg": 0.05135498876404489,
            "min": 0,
            "med": 0,
            "max": 27.9561,
            "p(90)": 0,
            "p(95)": 0.5251
        },
        "http_reqs": {
            "count": 26700,
            "rate": 147.91407212850237
        },
        "data_received": {
            "count": 21306600,
            "rate": 118035.42955854489
        },
        "http_req_tls_handshaking": {
            "avg": 0,
            "min": 0,
            "med": 0,
            "max": 0,
            "p(90)": 0,
            "p(95)": 0
        },
        "http_req_receiving": {
            "max": 28.5994,
            "p(90)": 0.5781,
            "p(95)": 0.9981,
            "avg": 0.1419888539325836,
            "min": 0,
            "med": 0
        }
    },
    "root_group": {
        "name": "",
        "path": "",
        "id": "d41d8cd98f00b204e9800998ecf8427e",
        "groups": {},
        "checks": {
                "responseUsers OK": {
                    "name": "responseUsers OK",
                    "path": "::responseUsers OK",
                    "id": "01c2e23b6544cd3dd059e8122d3d2b8b",
                    "passes": 8900,
                    "fails": 0
                },
                "responsePlaylists OK": {
                    "name": "responsePlaylists OK",
                    "path": "::responsePlaylists OK",
                    "id": "9f74c8d66f6a7c84373a93d5a18fb5b1",
                    "passes": 8900,
                    "fails": 0
                },
                "responseSongs OK": {
                    "path": "::responseSongs OK",
                    "id": "4cf9be2dbe8da2a6c77c1137378c7ca4",
                    "passes": 8900,
                    "fails": 0,
                    "name": "responseSongs OK"
                }
            }
    }
}