{
    "root_group": {
        "name": "",
        "path": "",
        "id": "d41d8cd98f00b204e9800998ecf8427e",
        "groups": {},
        "checks": {
                "responseUsers OK": {
                    "name": "responseUsers OK",
                    "path": "::responseUsers OK",
                    "id": "01c2e23b6544cd3dd059e8122d3d2b8b",
                    "passes": 1790,
                    "fails": 0
                }
            }
    },
    "metrics": {
        "http_req_duration": {
            "p(95)": 1.9894,
            "avg": 2.206048491620119,
            "min": 0,
            "med": 0.9877,
            "max": 212.7144,
            "p(90)": 1.764
        },
        "http_req_tls_handshaking": {
            "med": 0,
            "max": 0,
            "p(90)": 0,
            "p(95)": 0,
            "avg": 0,
            "min": 0
        },
        "http_req_connecting": {
            "avg": 0.01788245810055866,
            "min": 0,
            "med": 0,
            "max": 4.0012,
            "p(90)": 0,
            "p(95)": 0
        },
        "iterations": {
            "count": 1790,
            "rate": 9.900105605975119
        },
        "data_received": {
            "count": 751800,
            "rate": 4158.04435450955
        },
        "vus": {
            "value": 10,
            "min": 10,
            "max": 10
        },
        "vus_max": {
            "value": 10,
            "min": 10,
            "max": 10
        },
        "data_sent": {
            "count": 152150,
            "rate": 841.5089765078851
        },
        "http_req_blocked": {
            "med": 0,
            "max": 4.0012,
            "p(90)": 0,
            "p(95)": 0,
            "avg": 0.030665698324022356,
            "min": 0
        },
        "http_req_failed": {
            "fails": 1790,
            "passes": 0,
            "value": 0
        },
        "http_reqs": {
            "count": 1790,
            "rate": 9.900105605975119
        },
        "checks": {
            "passes": 1790,
            "fails": 0,
            "value": 1
        },
        "http_req_receiving": {
            "avg": 0.11400653631284927,
            "min": 0,
            "med": 0,
            "max": 3.9906,
            "p(90)": 0.5625,
            "p(95)": 0.8564499999999996
        },
        "http_req_waiting": {
            "p(95)": 1.8557,
            "avg": 2.0457436312849238,
            "min": 0,
            "med": 0.8523000000000001,
            "max": 208.7132,
            "p(90)": 1.5187
        },
        "iteration_duration": {
            "avg": 1010.048595363125,
            "min": 1000.2263,
            "med": 1008.4101499999999,
            "max": 1219.3629,
            "p(90)": 1015.1395,
            "p(95)": 1015.7133
        },
        "http_req_duration{expected_response:true}": {
            "med": 0.9877,
            "max": 212.7144,
            "p(90)": 1.764,
            "p(95)": 1.9894,
            "avg": 2.206048491620119,
            "min": 0
        },
        "http_req_sending": {
            "p(90)": 0,
            "p(95)": 0.523675,
            "avg": 0.046298324022346383,
            "min": 0,
            "med": 0,
            "max": 4.0012
        }
    }
}