{
    "root_group": {
        "name": "",
        "path": "",
        "id": "d41d8cd98f00b204e9800998ecf8427e",
        "groups": {},
        "checks": {
                "responseUsers OK": {
                    "name": "responseUsers OK",
                    "path": "::responseUsers OK",
                    "id": "01c2e23b6544cd3dd059e8122d3d2b8b",
                    "passes": 8905,
                    "fails": 0
                },
                "responsePlaylists OK": {
                    "name": "responsePlaylists OK",
                    "path": "::responsePlaylists OK",
                    "id": "9f74c8d66f6a7c84373a93d5a18fb5b1",
                    "passes": 8905,
                    "fails": 0
                }
            }
    },
    "metrics": {
        "http_req_failed": {
            "passes": 0,
            "fails": 17810,
            "value": 0
        },
        "http_req_duration": {
            "med": 1.9988,
            "max": 24.0126,
            "p(90)": 4.9991,
            "p(95)": 5.9971,
            "avg": 2.5610777091521197,
            "min": 0
        },
        "iteration_duration": {
            "max": 1035.1661,
            "p(90)": 1017.6412,
            "p(95)": 1019.5507,
            "avg": 1012.3530379674322,
            "min": 1001.0967,
            "med": 1012.8126
        },
        "http_req_blocked": {
            "avg": 0.013371751824817521,
            "min": 0,
            "med": 0,
            "max": 4.9996,
            "p(90)": 0,
            "p(95)": 0
        },
        "vus": {
            "value": 50,
            "min": 50,
            "max": 50
        },
        "http_reqs": {
            "count": 17810,
            "rate": 98.406718697999
        },
        "iterations": {
            "count": 8905,
            "rate": 49.2033593489995
        },
        "http_req_connecting": {
            "min": 0,
            "med": 0,
            "max": 1.9997,
            "p(90)": 0,
            "p(95)": 0,
            "avg": 0.0026947501403705764
        },
        "http_req_tls_handshaking": {
            "avg": 0,
            "min": 0,
            "med": 0,
            "max": 0,
            "p(90)": 0,
            "p(95)": 0
        },
        "http_req_duration{expected_response:true}": {
            "avg": 2.5610777091521197,
            "min": 0,
            "med": 1.9988,
            "max": 24.0126,
            "p(90)": 4.9991,
            "p(95)": 5.9971
        },
        "http_req_receiving": {
            "min": 0,
            "med": 0,
            "max": 15.5518,
            "p(90)": 0.55252,
            "p(95)": 0.9970549999999999,
            "avg": 0.11809250982594038
        },
        "data_received": {
            "count": 7916545,
            "rate": 43741.786461260555
        },
        "checks": {
            "passes": 17810,
            "fails": 0,
            "value": 1
        },
        "vus_max": {
            "min": 50,
            "max": 50,
            "value": 50
        },
        "data_sent": {
            "count": 1549470,
            "rate": 8561.384526725913
        },
        "http_req_sending": {
            "max": 18.4453,
            "p(90)": 0,
            "p(95)": 0.06125999999999913,
            "avg": 0.04706606962380689,
            "min": 0,
            "med": 0
        },
        "http_req_waiting": {
            "p(95)": 5.7845,
            "avg": 2.3959191297023743,
            "min": 0,
            "med": 1.9854,
            "max": 20.4255,
            "p(90)": 4.923070000000001
        }
    }
}