{
    "root_group": {
        "name": "",
        "path": "",
        "id": "d41d8cd98f00b204e9800998ecf8427e",
        "groups": {},
        "checks": {
                "responseUsers OK": {
                    "name": "responseUsers OK",
                    "path": "::responseUsers OK",
                    "id": "01c2e23b6544cd3dd059e8122d3d2b8b",
                    "passes": 2950000,
                    "fails": 0
                }
            }
    },
    "metrics": {
        "http_req_connecting": {
            "p(95)": 0,
            "avg": 0.0000033884745762711873,
            "min": 0,
            "med": 0,
            "max": 0.9996,
            "p(90)": 0
        },
        "vus_max": {
            "min": 10,
            "max": 10,
            "value": 10
        },
        "data_sent": {
            "count": 1017750000,
            "rate": 5652934.675505045
        },
        "vus": {
            "value": 10,
            "min": 10,
            "max": 10
        },
        "http_req_duration{expected_response:true}": {
            "avg": 0.44430407206781264,
            "min": 0,
            "med": 0,
            "max": 415.7661,
            "p(90)": 1.0007,
            "p(95)": 1.0015
        },
        "http_req_waiting": {
            "avg": 0.30134307498304685,
            "min": 0,
            "med": 0,
            "max": 345.6886,
            "p(90)": 1.0003,
            "p(95)": 1.001
        },
        "http_req_blocked": {
            "max": 21.128,
            "p(90)": 0,
            "p(95)": 0,
            "avg": 0.003301027220338999,
            "min": 0,
            "med": 0
        },
        "data_received": {
            "count": 5944250000,
            "rate": 33016415.568529464
        },
        "iterations": {
            "rate": 16385.317900014623,
            "count": 2950000
        },
        "checks": {
            "passes": 2950000,
            "fails": 0,
            "value": 1
        },
        "http_req_duration": {
            "min": 0,
            "med": 0,
            "max": 415.7661,
            "p(90)": 1.0007,
            "p(95)": 1.0015,
            "avg": 0.44430407206781264
        },
        "iteration_duration": {
            "p(95)": 1.0028,
            "avg": 0.5966021113559223,
            "min": 0,
            "med": 0.9969,
            "max": 415.7661,
            "p(90)": 1.0011
        },
        "http_req_tls_handshaking": {
            "avg": 0,
            "min": 0,
            "med": 0,
            "max": 0,
            "p(90)": 0,
            "p(95)": 0
        },
        "http_req_failed": {
            "passes": 0,
            "fails": 2950000,
            "value": 0
        },
        "http_req_sending": {
            "avg": 0.02140818237288166,
            "min": 0,
            "med": 0,
            "max": 50.1755,
            "p(90)": 0,
            "p(95)": 0
        },
        "http_reqs": {
            "count": 2950000,
            "rate": 16385.317900014623
        },
        "http_req_receiving": {
            "avg": 0.12155281471186401,
            "min": 0,
            "med": 0,
            "max": 415.7661,
            "p(90)": 0.9977,
            "p(95)": 1.0001
        }
    }
}