{
    "root_group": {
        "id": "d41d8cd98f00b204e9800998ecf8427e",
        "groups": {},
        "checks": {
                "responseUsers OK": {
                    "passes": 2441783,
                    "fails": 0,
                    "name": "responseUsers OK",
                    "path": "::responseUsers OK",
                    "id": "01c2e23b6544cd3dd059e8122d3d2b8b"
                },
                "responsePlaylists OK": {
                    "passes": 2441783,
                    "fails": 0,
                    "name": "responsePlaylists OK",
                    "path": "::responsePlaylists OK",
                    "id": "9f74c8d66f6a7c84373a93d5a18fb5b1"
                },
                "responseSongs OK": {
                    "path": "::responseSongs OK",
                    "id": "4cf9be2dbe8da2a6c77c1137378c7ca4",
                    "passes": 2441783,
                    "fails": 0,
                    "name": "responseSongs OK"
                }
            },
        "name": "",
        "path": ""
    },
    "metrics": {
        "iterations": {
            "count": 2441783,
            "rate": 13565.296277688785
        },
        "data_received": {
            "count": 8980877874,
            "rate": 49893159.70933935
        },
        "http_req_failed": {
            "passes": 0,
            "fails": 7325349,
            "value": 0
        },
        "http_req_connecting": {
            "p(90)": 0,
            "p(95)": 0,
            "avg": 0.0000013643035983678045,
            "min": 0,
            "med": 0,
            "max": 0.9994
        },
        "iteration_duration": {
            "avg": 0.7320473506450358,
            "min": 0,
            "med": 0.9986,
            "max": 302.0004,
            "p(90)": 1.0656,
            "p(95)": 1.0961
        },
        "vus_max": {
            "value": 10,
            "min": 10,
            "max": 10
        },
        "http_reqs": {
            "count": 7325349,
            "rate": 40695.888833066354
        },
        "http_req_tls_handshaking": {
            "med": 0,
            "max": 0,
            "p(90)": 0,
            "p(95)": 0,
            "avg": 0,
            "min": 0
        },
        "http_req_duration{expected_response:true}": {
            "max": 300.9999,
            "p(90)": 0.999,
            "p(95)": 1.0004,
            "avg": 0.1952901967264459,
            "min": 0,
            "med": 0
        },
        "http_req_sending": {
            "avg": 0.0077558916715097,
            "min": 0,
            "med": 0,
            "max": 21.6695,
            "p(90)": 0,
            "p(95)": 0
        },
        "data_sent": {
            "count": 2539454320,
            "rate": 14107908.128796337
        },
        "http_req_receiving": {
            "p(95)": 0.5316,
            "avg": 0.04712437396498466,
            "min": 0,
            "med": 0,
            "max": 300.9999,
            "p(90)": 0
        },
        "http_req_blocked": {
            "med": 0,
            "max": 3.0019,
            "p(90)": 0,
            "p(95)": 0,
            "avg": 0.0012003642010776493,
            "min": 0
        },
        "http_req_waiting": {
            "min": 0,
            "med": 0,
            "max": 4.0857,
            "p(90)": 0.6001,
            "p(95)": 0.9998,
            "avg": 0.1404099310899539
        },
        "vus": {
            "value": 10,
            "min": 10,
            "max": 10
        },
        "checks": {
            "passes": 7325349,
            "fails": 0,
            "value": 1
        },
        "http_req_duration": {
            "med": 0,
            "max": 300.9999,
            "p(90)": 0.999,
            "p(95)": 1.0004,
            "avg": 0.1952901967264459,
            "min": 0
        }
    }
}