{
    "metrics": {
        "http_req_failed": {
            "passes": 0,
            "fails": 2926254,
            "value": 0
        },
        "iterations": {
            "count": 1463127,
            "rate": 8126.93804572856
        },
        "http_reqs": {
            "count": 2926254,
            "rate": 16253.87609145712
        },
        "data_sent": {
            "count": 1006631376,
            "rate": 5591333.375461249
        },
        "http_req_connecting": {
            "avg": 0.00004545258203833297,
            "min": 0,
            "med": 0,
            "max": 27.9989,
            "p(90)": 0,
            "p(95)": 0
        },
        "http_req_waiting": {
            "min": 0,
            "med": 1.9931,
            "max": 305.3041,
            "p(90)": 4.9986,
            "p(95)": 6.9782350000000095,
            "avg": 2.320950084989002
        },
        "http_req_tls_handshaking": {
            "p(90)": 0,
            "p(95)": 0,
            "avg": 0,
            "min": 0,
            "med": 0,
            "max": 0
        },
        "http_req_receiving": {
            "p(90)": 0.9996,
            "p(95)": 1.0029,
            "avg": 0.28304118087493435,
            "min": 0,
            "med": 0,
            "max": 363.5494
        },
        "iteration_duration": {
            "p(95)": 14.9997,
            "avg": 6.10676330837982,
            "min": 0,
            "med": 4.9977,
            "max": 396.5394,
            "p(90)": 10.9998
        },
        "http_req_duration{expected_response:true}": {
            "avg": 2.6563040837875307,
            "min": 0,
            "med": 1.9994,
            "max": 370.5551,
            "p(90)": 5.002,
            "p(95)": 7.068735000000009
        },
        "vus_max": {
            "value": 50,
            "min": 50,
            "max": 50
        },
        "http_req_sending": {
            "avg": 0.05231281792352944,
            "min": 0,
            "med": 0,
            "max": 158.725,
            "p(90)": 0,
            "p(95)": 0
        },
        "data_received": {
            "count": 3281793861,
            "rate": 18228722.03656916
        },
        "vus": {
            "value": 50,
            "min": 50,
            "max": 50
        },
        "checks": {
            "passes": 2926254,
            "fails": 0,
            "value": 1
        },
        "http_req_duration": {
            "avg": 2.6563040837875307,
            "min": 0,
            "med": 1.9994,
            "max": 370.5551,
            "p(90)": 5.002,
            "p(95)": 7.068735000000009
        },
        "http_req_blocked": {
            "p(90)": 0,
            "p(95)": 0,
            "avg": 0.007505245170104776,
            "min": 0,
            "med": 0,
            "max": 84.1474
        }
    },
    "root_group": {
        "id": "d41d8cd98f00b204e9800998ecf8427e",
        "groups": {},
        "checks": {
                "responseUsers OK": {
                    "name": "responseUsers OK",
                    "path": "::responseUsers OK",
                    "id": "01c2e23b6544cd3dd059e8122d3d2b8b",
                    "passes": 1463127,
                    "fails": 0
                },
                "responseSongs OK": {
                    "name": "responseSongs OK",
                    "path": "::responseSongs OK",
                    "id": "4cf9be2dbe8da2a6c77c1137378c7ca4",
                    "passes": 1463127,
                    "fails": 0
                }
            },
        "name": "",
        "path": ""
    }
}