{
    "root_group": {
        "id": "d41d8cd98f00b204e9800998ecf8427e",
        "groups": {},
        "checks": {
                "responseUsers OK": {
                    "name": "responseUsers OK",
                    "path": "::responseUsers OK",
                    "id": "01c2e23b6544cd3dd059e8122d3d2b8b",
                    "passes": 2961031,
                    "fails": 0
                }
            },
        "name": "",
        "path": ""
    },
    "metrics": {
        "data_sent": {
            "count": 1021555695,
            "rate": 5673395.537656562
        },
        "http_req_duration": {
            "avg": 2.5933272399385476,
            "min": 0,
            "med": 1.999,
            "max": 1174.8403,
            "p(90)": 5.0012,
            "p(95)": 7.0038
        },
        "http_req_connecting": {
            "avg": 0.00003985517206675647,
            "min": 0,
            "med": 0,
            "max": 49.9804,
            "p(90)": 0,
            "p(95)": 0
        },
        "checks": {
            "passes": 2961031,
            "fails": 0,
            "value": 1
        },
        "iterations": {
            "count": 2961031,
            "rate": 16444.624746830614
        },
        "http_req_sending": {
            "max": 362.6558,
            "p(90)": 0,
            "p(95)": 0,
            "avg": 0.052418738506959446,
            "min": 0,
            "med": 0
        },
        "http_req_failed": {
            "passes": 0,
            "fails": 2961031,
            "value": 0
        },
        "http_req_receiving": {
            "avg": 0.29548551585579425,
            "min": 0,
            "med": 0,
            "max": 1167.2244,
            "p(90)": 0.9997,
            "p(95)": 1.0051
        },
        "http_req_waiting": {
            "med": 1.228,
            "max": 1166.2269,
            "p(90)": 4.9932,
            "p(95)": 6.6497,
            "avg": 2.2454229855755257,
            "min": 0
        },
        "http_req_tls_handshaking": {
            "avg": 0,
            "min": 0,
            "med": 0,
            "max": 0,
            "p(90)": 0,
            "p(95)": 0
        },
        "http_reqs": {
            "count": 2961031,
            "rate": 16444.624746830614
        },
        "data_received": {
            "rate": 33135918.864863686,
            "count": 5966477465
        },
        "http_req_duration{expected_response:true}": {
            "min": 0,
            "med": 1.999,
            "max": 1174.8403,
            "p(90)": 5.0012,
            "p(95)": 7.0038,
            "avg": 2.5933272399385476
        },
        "iteration_duration": {
            "p(90)": 5.9993,
            "p(95)": 8.003,
            "avg": 2.9983073449761743,
            "min": 0,
            "med": 2.0002,
            "max": 1185.2763
        },
        "vus_max": {
            "value": 50,
            "min": 50,
            "max": 50
        },
        "vus": {
            "value": 50,
            "min": 50,
            "max": 50
        },
        "http_req_blocked": {
            "avg": 0.006953224299239055,
            "min": 0,
            "med": 0,
            "max": 122.7427,
            "p(90)": 0,
            "p(95)": 0
        }
    }
}