{
    "root_group": {
        "name": "",
        "path": "",
        "id": "d41d8cd98f00b204e9800998ecf8427e",
        "groups": {},
        "checks": {
                "responseUsers OK": {
                    "id": "01c2e23b6544cd3dd059e8122d3d2b8b",
                    "passes": 3707506,
                    "fails": 0,
                    "name": "responseUsers OK",
                    "path": "::responseUsers OK"
                },
                "responseSongs OK": {
                    "name": "responseSongs OK",
                    "path": "::responseSongs OK",
                    "id": "4cf9be2dbe8da2a6c77c1137378c7ca4",
                    "passes": 3707506,
                    "fails": 0
                }
            }
    },
    "metrics": {
        "checks": {
            "passes": 7415012,
            "fails": 0,
            "value": 1
        },
        "iterations": {
            "rate": 20597.01545156932,
            "count": 3707506
        },
        "vus_max": {
            "min": 10,
            "max": 10,
            "value": 10
        },
        "http_req_sending": {
            "avg": 0.00764765371923891,
            "min": 0,
            "med": 0,
            "max": 10.0014,
            "p(90)": 0,
            "p(95)": 0
        },
        "http_req_waiting": {
            "avg": 0.13522463594124845,
            "min": 0,
            "med": 0,
            "max": 9.9994,
            "p(90)": 0.5564,
            "p(95)": 0.9997
        },
        "http_req_failed": {
            "passes": 0,
            "fails": 7415012,
            "value": 0
        },
        "http_req_connecting": {
            "avg": 0.0000013442999148214463,
            "min": 0,
            "med": 0,
            "max": 0.9968,
            "p(90)": 0,
            "p(95)": 0
        },
        "vus": {
            "min": 10,
            "max": 10,
            "value": 10
        },
        "http_reqs": {
            "count": 7415012,
            "rate": 41194.03090313864
        },
        "http_req_blocked": {
            "min": 0,
            "med": 0,
            "max": 8.9994,
            "p(90)": 0,
            "p(95)": 0,
            "avg": 0.0012061660183422505
        },
        "http_req_tls_handshaking": {
            "avg": 0,
            "min": 0,
            "med": 0,
            "max": 0,
            "p(90)": 0,
            "p(95)": 0
        },
        "data_sent": {
            "count": 2550764128,
            "rate": 14170746.630679693
        },
        "data_received": {
            "count": 8315935958,
            "rate": 46199105.65786999
        },
        "http_req_duration{expected_response:true}": {
            "avg": 0.19063908255306952,
            "min": 0,
            "med": 0,
            "max": 17.7534,
            "p(90)": 0.9985,
            "p(95)": 1.0003
        },
        "http_req_receiving": {
            "avg": 0.04776679289257693,
            "min": 0,
            "med": 0,
            "max": 12,
            "p(90)": 0,
            "p(95)": 0.5341
        },
        "iteration_duration": {
            "p(95)": 1.0016,
            "avg": 0.48048436264163763,
            "min": 0,
            "med": 0.5381,
            "max": 111.2765,
            "p(90)": 1.0006
        },
        "http_req_duration": {
            "med": 0,
            "max": 17.7534,
            "p(90)": 0.9985,
            "p(95)": 1.0003,
            "avg": 0.19063908255306952,
            "min": 0
        }
    }
}