{
    "root_group": {
        "name": "",
        "path": "",
        "id": "d41d8cd98f00b204e9800998ecf8427e",
        "groups": {},
        "checks": {
                "responseUsers OK": {
                    "name": "responseUsers OK",
                    "path": "::responseUsers OK",
                    "id": "01c2e23b6544cd3dd059e8122d3d2b8b",
                    "passes": 933010,
                    "fails": 0
                },
                "responsePlaylists OK": {
                    "name": "responsePlaylists OK",
                    "path": "::responsePlaylists OK",
                    "id": "9f74c8d66f6a7c84373a93d5a18fb5b1",
                    "passes": 933010,
                    "fails": 0
                },
                "responseSongs OK": {
                    "id": "4cf9be2dbe8da2a6c77c1137378c7ca4",
                    "passes": 933010,
                    "fails": 0,
                    "name": "responseSongs OK",
                    "path": "::responseSongs OK"
                }
            }
    },
    "metrics": {
        "data_received": {
            "rate": 19062740.352064446,
            "count": 3431610780
        },
        "http_req_blocked": {
            "max": 510.2294,
            "p(90)": 0,
            "p(95)": 0,
            "avg": 0.010844873152485024,
            "min": 0,
            "med": 0
        },
        "http_req_tls_handshaking": {
            "p(95)": 0,
            "avg": 0,
            "min": 0,
            "med": 0,
            "max": 0,
            "p(90)": 0
        },
        "http_req_waiting": {
            "min": 0,
            "med": 4.0028,
            "max": 316.8301,
            "p(90)": 9.0052,
            "p(95)": 12.751719999999924,
            "avg": 5.533407089921652
        },
        "http_req_sending": {
            "p(95)": 0,
            "avg": 0.06339638206807247,
            "min": 0,
            "med": 0,
            "max": 183.1536,
            "p(90)": 0
        },
        "http_req_connecting": {
            "p(95)": 0,
            "avg": 0.002348855246281748,
            "min": 0,
            "med": 0,
            "max": 509.7035,
            "p(90)": 0
        },
        "vus": {
            "value": 100,
            "min": 100,
            "max": 100
        },
        "http_reqs": {
            "count": 2799030,
            "rate": 15548.727856496285
        },
        "http_req_failed": {
            "passes": 0,
            "fails": 2799030,
            "value": 0
        },
        "checks": {
            "passes": 2799030,
            "fails": 0,
            "value": 1
        },
        "iterations": {
            "count": 933010,
            "rate": 5182.909285498761
        },
        "iteration_duration": {
            "avg": 19.2404572397942,
            "min": 0.998,
            "med": 15.9992,
            "max": 553.1707,
            "p(90)": 31.3105,
            "p(95)": 41.0014
        },
        "vus_max": {
            "value": 100,
            "min": 100,
            "max": 100
        },
        "http_req_duration{expected_response:true}": {
            "p(90)": 9.9893,
            "p(95)": 13.0883,
            "avg": 5.799379528016397,
            "min": 0,
            "med": 4.4996,
            "max": 356.4117
        },
        "http_req_receiving": {
            "avg": 0.2025760560265514,
            "min": 0,
            "med": 0,
            "max": 265.9019,
            "p(90)": 0.982,
            "p(95)": 1.0003
        },
        "data_sent": {
            "count": 970330400,
            "rate": 5390225.656918712
        },
        "http_req_duration": {
            "min": 0,
            "med": 4.4996,
            "max": 356.4117,
            "p(90)": 9.9893,
            "p(95)": 13.0883,
            "avg": 5.799379528016397
        }
    }
}