{
    "metrics": {
        "http_req_blocked": {
            "p(90)": 0,
            "p(95)": 0,
            "avg": 0.003651024980551226,
            "min": 0,
            "med": 0,
            "max": 11.9167
        },
        "data_sent": {
            "count": 954061680,
            "rate": 5300240.422084346
        },
        "vus_max": {
            "value": 10,
            "min": 10,
            "max": 10
        },
        "http_req_receiving": {
            "avg": 0.12803898214491172,
            "min": 0,
            "med": 0,
            "max": 390.9122,
            "p(90)": 0.9977,
            "p(95)": 1.0001
        },
        "data_received": {
            "count": 3374075826,
            "rate": 18744504.108102143
        },
        "iteration_duration": {
            "min": 0,
            "med": 1.9995,
            "max": 392.9101,
            "p(90)": 2.9992,
            "p(95)": 3.0034,
            "avg": 1.945005091092225
        },
        "http_req_sending": {
            "p(95)": 0,
            "avg": 0.02294099308128609,
            "min": 0,
            "med": 0,
            "max": 176.8921,
            "p(90)": 0
        },
        "http_req_tls_handshaking": {
            "max": 0,
            "p(90)": 0,
            "p(95)": 0,
            "avg": 0,
            "min": 0,
            "med": 0
        },
        "vus": {
            "max": 10,
            "value": 10,
            "min": 10
        },
        "http_req_duration{expected_response:true}": {
            "avg": 0.490706148756907,
            "min": 0,
            "med": 0.0217,
            "max": 390.9122,
            "p(90)": 1.001,
            "p(95)": 1.0025
        },
        "iterations": {
            "count": 917367,
            "rate": 5096.385021234949
        },
        "checks": {
            "passes": 2752101,
            "fails": 0,
            "value": 1
        },
        "http_req_failed": {
            "passes": 0,
            "fails": 2752101,
            "value": 0
        },
        "http_req_duration": {
            "max": 390.9122,
            "p(90)": 1.001,
            "p(95)": 1.0025,
            "avg": 0.490706148756907,
            "min": 0,
            "med": 0.0217
        },
        "http_req_waiting": {
            "avg": 0.3397261735306589,
            "min": 0,
            "med": 0,
            "max": 68.3597,
            "p(90)": 1.0005,
            "p(95)": 1.0014
        },
        "http_req_connecting": {
            "avg": 0.0000036114226912457066,
            "min": 0,
            "med": 0,
            "max": 0.9939,
            "p(90)": 0,
            "p(95)": 0
        },
        "http_reqs": {
            "count": 2752101,
            "rate": 15289.155063704846
        }
    },
    "root_group": {
        "groups": {},
        "checks": {
                "responseUsers OK": {
                    "name": "responseUsers OK",
                    "path": "::responseUsers OK",
                    "id": "01c2e23b6544cd3dd059e8122d3d2b8b",
                    "passes": 917367,
                    "fails": 0
                },
                "responsePlaylists OK": {
                    "id": "9f74c8d66f6a7c84373a93d5a18fb5b1",
                    "passes": 917367,
                    "fails": 0,
                    "name": "responsePlaylists OK",
                    "path": "::responsePlaylists OK"
                },
                "responseSongs OK": {
                    "id": "4cf9be2dbe8da2a6c77c1137378c7ca4",
                    "passes": 917367,
                    "fails": 0,
                    "name": "responseSongs OK",
                    "path": "::responseSongs OK"
                }
            },
        "name": "",
        "path": "",
        "id": "d41d8cd98f00b204e9800998ecf8427e"
    }
}