{
    "root_group": {
        "checks": {
            "responseUsers OK": {
                "name": "responseUsers OK",
                "path": "::responseUsers OK",
                "id": "01c2e23b6544cd3dd059e8122d3d2b8b",
                "passes": 1031881,
                "fails": 0
            },
            "responsePlaylists OK": {
                "name": "responsePlaylists OK",
                "path": "::responsePlaylists OK",
                "id": "9f74c8d66f6a7c84373a93d5a18fb5b1",
                "passes": 1031881,
                "fails": 0
            },
            "responseSongs OK": {
                "name": "responseSongs OK",
                "path": "::responseSongs OK",
                "id": "4cf9be2dbe8da2a6c77c1137378c7ca4",
                "passes": 1031881,
                "fails": 0
            }
        },
        "name": "",
        "path": "",
        "id": "d41d8cd98f00b204e9800998ecf8427e",
        "groups": {}
    },
    "metrics": {
        "vus": {
            "value": 50,
            "min": 50,
            "max": 50
        },
        "http_req_waiting": {
            "max": 188.7301,
            "p(90)": 4.5207,
            "p(95)": 6.0594899999999905,
            "avg": 2.2003020978515044,
            "min": 0,
            "med": 1.519
        },
        "data_sent": {
            "count": 1073156240,
            "rate": 5961804.118911767
        },
        "vus_max": {
            "value": 50,
            "min": 50,
            "max": 50
        },
        "http_req_blocked": {
            "avg": 0.007179479933571148,
            "min": 0,
            "med": 0,
            "max": 56.7253,
            "p(90)": 0,
            "p(95)": 0
        },
        "iteration_duration": {
            "avg": 8.68156882644406,
            "min": 0.5284,
            "med": 7.0004,
            "max": 260.2194,
            "p(90)": 15.0004,
            "p(95)": 19.9389
        },
        "http_req_receiving": {
            "min": 0,
            "med": 0,
            "max": 202.8962,
            "p(90)": 0.9996,
            "p(95)": 1.0022,
            "avg": 0.27283223414326996
        },
        "checks": {
            "passes": 3095643,
            "fails": 0,
            "value": 1
        },
        "http_reqs": {
            "count": 3095643,
            "rate": 17197.511881476254
        },
        "data_received": {
            "count": 3795258318,
            "rate": 21084149.566689886
        },
        "http_req_duration": {
            "avg": 2.5239588516180214,
            "min": 0,
            "med": 1.999,
            "max": 226.0008,
            "p(90)": 5.0002,
            "p(95)": 7.0003
        },
        "http_req_tls_handshaking": {
            "p(95)": 0,
            "avg": 0,
            "min": 0,
            "med": 0,
            "max": 0,
            "p(90)": 0
        },
        "http_req_sending": {
            "min": 0,
            "med": 0,
            "max": 225.0017,
            "p(90)": 0,
            "p(95)": 0,
            "avg": 0.05082451962322564
        },
        "http_req_failed": {
            "passes": 0,
            "fails": 3095643,
            "value": 0
        },
        "iterations": {
            "count": 1031881,
            "rate": 5732.503960492084
        },
        "http_req_duration{expected_response:true}": {
            "avg": 2.5239588516180214,
            "min": 0,
            "med": 1.999,
            "max": 226.0008,
            "p(90)": 5.0002,
            "p(95)": 7.0003
        },
        "http_req_connecting": {
            "med": 0,
            "max": 15.9999,
            "p(90)": 0,
            "p(95)": 0,
            "avg": 0.00005059042660926987,
            "min": 0
        }
    }
}