{
    "metrics": {
        "data_sent": {
            "rate": 14381026.19870562,
            "count": 2588602275
        },
        "http_reqs": {
            "count": 7503195,
            "rate": 41684.13390929165
        },
        "vus_max": {
            "value": 10,
            "min": 10,
            "max": 10
        },
        "http_req_duration": {
            "avg": 0.18590769441551722,
            "min": 0,
            "med": 0,
            "max": 167.1389,
            "p(90)": 0.9991,
            "p(95)": 1.0004
        },
        "http_req_duration{expected_response:true}": {
            "avg": 0.18590769441551722,
            "min": 0,
            "med": 0,
            "max": 167.1389,
            "p(90)": 0.9991,
            "p(95)": 1.0004
        },
        "http_req_connecting": {
            "min": 0,
            "med": 0,
            "max": 1.0026,
            "p(90)": 0,
            "p(95)": 0,
            "avg": 0.0000013362307656938141
        },
        "http_req_tls_handshaking": {
            "max": 0,
            "p(90)": 0,
            "p(95)": 0,
            "avg": 0,
            "min": 0,
            "med": 0
        },
        "http_req_receiving": {
            "p(95)": 0.5192,
            "avg": 0.04587788610052497,
            "min": 0,
            "med": 0,
            "max": 16.5184,
            "p(90)": 0
        },
        "iteration_duration": {
            "max": 169.1414,
            "p(90)": 0.9998,
            "p(95)": 1.0008,
            "avg": 0.23518786498287858,
            "min": 0,
            "med": 0
        },
        "iterations": {
            "count": 7503195,
            "rate": 41684.13390929165
        },
        "checks": {
            "passes": 7503195,
            "fails": 0,
            "value": 1
        },
        "http_req_failed": {
            "passes": 0,
            "fails": 7503195,
            "value": 0
        },
        "http_req_sending": {
            "avg": 0.007422340482954241,
            "min": 0,
            "med": 0,
            "max": 6.9976,
            "p(90)": 0,
            "p(95)": 0
        },
        "vus": {
            "max": 10,
            "value": 10,
            "min": 10
        },
        "http_req_blocked": {
            "p(90)": 0,
            "p(95)": 0,
            "avg": 0.0011250732388002717,
            "min": 0,
            "med": 0,
            "max": 10.0927
        },
        "http_req_waiting": {
            "avg": 0.1326074678320141,
            "min": 0,
            "med": 0,
            "max": 158.9981,
            "p(90)": 0.6452,
            "p(95)": 0.9998
        },
        "data_received": {
            "count": 15118937925,
            "rate": 83993529.82722268
        }
    },
    "root_group": {
        "checks": {
            "responseUsers OK": {
                "name": "responseUsers OK",
                "path": "::responseUsers OK",
                "id": "01c2e23b6544cd3dd059e8122d3d2b8b",
                "passes": 7503195,
                "fails": 0
            }
        },
        "name": "",
        "path": "",
        "id": "d41d8cd98f00b204e9800998ecf8427e",
        "groups": {}
    }
}