{
    "metrics": {
        "http_req_connecting": {
            "avg": 0.0000025047598642229474,
            "min": 0,
            "med": 0,
            "max": 0.9987,
            "p(90)": 0,
            "p(95)": 0
        },
        "http_req_receiving": {
            "min": 0,
            "med": 0,
            "max": 392.4374,
            "p(90)": 0.9962,
            "p(95)": 1,
            "avg": 0.12307737912595401
        },
        "iteration_duration": {
            "avg": 1.2736748200495134,
            "min": 0,
            "med": 1.0004,
            "max": 393.1795,
            "p(90)": 2.0007,
            "p(95)": 2.0053
        },
        "http_req_tls_handshaking": {
            "avg": 0,
            "min": 0,
            "med": 0,
            "max": 0,
            "p(90)": 0,
            "p(95)": 0
        },
        "http_reqs": {
            "rate": 15505.661447021123,
            "count": 2791046
        },
        "http_req_duration{expected_response:true}": {
            "max": 392.4374,
            "p(90)": 1.001,
            "p(95)": 1.0023,
            "avg": 0.47897320337965943,
            "min": 0,
            "med": 0
        },
        "http_req_sending": {
            "max": 18.7298,
            "p(90)": 0,
            "p(95)": 0,
            "avg": 0.022679092892055483,
            "min": 0,
            "med": 0
        },
        "http_req_waiting": {
            "min": 0,
            "med": 0,
            "max": 105.0738,
            "p(90)": 1.0005,
            "p(95)": 1.0014,
            "avg": 0.3332167313615958
        },
        "iterations": {
            "count": 1395523,
            "rate": 7752.830723510561
        },
        "http_req_blocked": {
            "avg": 0.003592328001759915,
            "min": 0,
            "med": 0,
            "max": 28.0064,
            "p(90)": 0,
            "p(95)": 0
        },
        "data_sent": {
            "rate": 5333947.537775266,
            "count": 960119824
        },
        "http_req_failed": {
            "passes": 0,
            "fails": 2791046,
            "value": 0
        },
        "vus": {
            "value": 10,
            "min": 10,
            "max": 10
        },
        "data_received": {
            "count": 3130158089,
            "rate": 17389599.31283419
        },
        "checks": {
            "passes": 2791046,
            "fails": 0,
            "value": 1
        },
        "http_req_duration": {
            "med": 0,
            "max": 392.4374,
            "p(90)": 1.001,
            "p(95)": 1.0023,
            "avg": 0.47897320337965943,
            "min": 0
        },
        "vus_max": {
            "value": 10,
            "min": 10,
            "max": 10
        }
    },
    "root_group": {
        "name": "",
        "path": "",
        "id": "d41d8cd98f00b204e9800998ecf8427e",
        "groups": {},
        "checks": {
                "responseUsers OK": {
                    "id": "01c2e23b6544cd3dd059e8122d3d2b8b",
                    "passes": 1395523,
                    "fails": 0,
                    "name": "responseUsers OK",
                    "path": "::responseUsers OK"
                },
                "responseSongs OK": {
                    "name": "responseSongs OK",
                    "path": "::responseSongs OK",
                    "id": "4cf9be2dbe8da2a6c77c1137378c7ca4",
                    "passes": 1395523,
                    "fails": 0
                }
            }
    }
}