{
    "root_group": {
        "name": "",
        "path": "",
        "id": "d41d8cd98f00b204e9800998ecf8427e",
        "groups": {},
        "checks": {
                "responseUsers OK": {
                    "name": "responseUsers OK",
                    "path": "::responseUsers OK",
                    "id": "01c2e23b6544cd3dd059e8122d3d2b8b",
                    "passes": 2389814,
                    "fails": 0
                }
            }
    },
    "metrics": {
        "http_req_tls_handshaking": {
            "med": 0,
            "max": 0,
            "p(90)": 0,
            "p(95)": 0,
            "avg": 0,
            "min": 0
        },
        "vus": {
            "value": 100,
            "min": 100,
            "max": 100
        },
        "iteration_duration": {
            "avg": 7.463130397639289,
            "min": 0,
            "med": 5.0084,
            "max": 618.1002,
            "p(90)": 12.9991,
            "p(95)": 18.884735000000006
        },
        "http_reqs": {
            "count": 2389814,
            "rate": 13274.357184048466
        },
        "data_sent": {
            "count": 824485830,
            "rate": 4579653.22849672
        },
        "data_received": {
            "count": 4815475210,
            "rate": 26747829.725857656
        },
        "iterations": {
            "count": 2389814,
            "rate": 13274.357184048466
        },
        "http_req_blocked": {
            "avg": 0.019095561495580837,
            "min": 0,
            "med": 0,
            "max": 579.3282,
            "p(90)": 0,
            "p(95)": 0
        },
        "http_req_connecting": {
            "p(90)": 0,
            "p(95)": 0,
            "avg": 0.009498316479859938,
            "min": 0,
            "med": 0,
            "max": 571.3278
        },
        "http_req_receiving": {
            "p(90)": 0.9971,
            "p(95)": 1.0005,
            "avg": 0.25142995668280776,
            "min": 0,
            "med": 0,
            "max": 437.3734
        },
        "http_req_failed": {
            "passes": 0,
            "fails": 2389814,
            "value": 0
        },
        "http_req_waiting": {
            "p(90)": 10.999,
            "p(95)": 15.0015,
            "avg": 6.314257310026278,
            "min": 0,
            "med": 4.9991,
            "max": 362.2788
        },
        "http_req_duration{expected_response:true}": {
            "med": 5,
            "max": 556.8934,
            "p(90)": 11.0861,
            "p(95)": 16,
            "avg": 6.63723674612482,
            "min": 0
        },
        "http_req_sending": {
            "avg": 0.07154947941555355,
            "min": 0,
            "med": 0,
            "max": 327.1614,
            "p(90)": 0,
            "p(95)": 0
        },
        "vus_max": {
            "value": 100,
            "min": 100,
            "max": 100
        },
        "http_req_duration": {
            "max": 556.8934,
            "p(90)": 11.0861,
            "p(95)": 16,
            "avg": 6.63723674612482,
            "min": 0,
            "med": 5
        },
        "checks": {
            "passes": 2389814,
            "fails": 0,
            "value": 1
        }
    }
}