{
    "root_group": {
        "groups": {},
        "checks": {
                "responseUsers OK": {
                    "name": "responseUsers OK",
                    "path": "::responseUsers OK",
                    "id": "01c2e23b6544cd3dd059e8122d3d2b8b",
                    "passes": 1774,
                    "fails": 0
                },
                "responsePlaylists OK": {
                    "id": "9f74c8d66f6a7c84373a93d5a18fb5b1",
                    "passes": 1774,
                    "fails": 0,
                    "name": "responsePlaylists OK",
                    "path": "::responsePlaylists OK"
                }
            },
        "name": "",
        "path": "",
        "id": "d41d8cd98f00b204e9800998ecf8427e"
    },
    "metrics": {
        "vus": {
            "value": 10,
            "min": 10,
            "max": 10
        },
        "http_req_duration{expected_response:true}": {
            "p(90)": 11.159230000000004,
            "p(95)": 14.404044999999975,
            "avg": 5.314496702367525,
            "min": 0,
            "med": 3.9999,
            "max": 24.6264
        },
        "checks": {
            "passes": 3548,
            "fails": 0,
            "value": 1
        },
        "data_received": {
            "rate": 26164.751249778274,
            "count": 4709970
        },
        "data_sent": {
            "count": 748628,
            "rate": 4158.766488665323
        },
        "http_req_blocked": {
            "max": 1.9963,
            "p(90)": 0,
            "p(95)": 0,
            "avg": 0.010941798196166851,
            "min": 0,
            "med": 0
        },
        "http_req_sending": {
            "avg": 0.03951403607666289,
            "min": 0,
            "med": 0,
            "max": 20.4758,
            "p(90)": 0,
            "p(95)": 0.12037999999999957
        },
        "http_req_receiving": {
            "med": 0,
            "max": 3.5436,
            "p(90)": 0.9013900000000006,
            "p(95)": 0.9994,
            "avg": 0.14769112175873733,
            "min": 0
        },
        "http_req_tls_handshaking": {
            "p(95)": 0,
            "avg": 0,
            "min": 0,
            "med": 0,
            "max": 0,
            "p(90)": 0
        },
        "vus_max": {
            "value": 10,
            "min": 10,
            "max": 10
        },
        "iterations": {
            "count": 1764,
            "rate": 9.79934504988543
        },
        "iteration_duration": {
            "avg": 1017.4160421201835,
            "min": 1002.0846,
            "med": 1017.11025,
            "max": 1041.5996,
            "p(90)": 1026.40965,
            "p(95)": 1032.9675
        },
        "http_req_duration": {
            "min": 0,
            "med": 3.9999,
            "max": 24.6264,
            "p(90)": 11.159230000000004,
            "p(95)": 14.404044999999975,
            "avg": 5.314496702367525
        },
        "http_req_connecting": {
            "avg": 0.0022525366403607664,
            "min": 0,
            "med": 0,
            "max": 0.999,
            "p(90)": 0,
            "p(95)": 0
        },
        "http_req_failed": {
            "passes": 0,
            "fails": 3548,
            "value": 0
        },
        "http_reqs": {
            "count": 3548,
            "rate": 19.70979378514371
        },
        "http_req_waiting": {
            "p(95)": 13.90836,
            "avg": 5.12729154453213,
            "min": 0,
            "med": 3.9659,
            "max": 24.5356,
            "p(90)": 10.74209000000001
        }
    }
}