{
    "metrics": {
        "http_req_sending": {
            "p(95)": 0,
            "avg": 0.005693877777777782,
            "min": 0,
            "med": 0,
            "max": 2.1038,
            "p(90)": 0
        },
        "iterations": {
            "count": 18000,
            "rate": 99.51852137680922
        },
        "checks": {
            "passes": 36000,
            "fails": 0,
            "value": 1
        },
        "iteration_duration": {
            "p(90)": 1005.90395,
            "p(95)": 1007.4593,
            "avg": 1004.3095385333284,
            "min": 1001.6423,
            "med": 1003.7587,
            "max": 1033.0875
        },
        "http_req_duration": {
            "max": 25.0011,
            "p(90)": 3.1147,
            "p(95)": 3.931434999999997,
            "avg": 1.8410694833333376,
            "min": 0,
            "med": 1.6196
        },
        "http_req_connecting": {
            "avg": 0.014536172222222225,
            "min": 0,
            "med": 0,
            "max": 5.9979,
            "p(90)": 0,
            "p(95)": 0
        },
        "http_req_waiting": {
            "p(95)": 3.894,
            "avg": 1.8042475083333436,
            "min": 0,
            "med": 1.6101,
            "max": 25.0011,
            "p(90)": 3.0634
        },
        "http_req_tls_handshaking": {
            "avg": 0,
            "min": 0,
            "med": 0,
            "max": 0,
            "p(90)": 0,
            "p(95)": 0
        },
        "http_req_duration{expected_response:true}": {
            "avg": 1.8410694833333376,
            "min": 0,
            "med": 1.6196,
            "max": 25.0011,
            "p(90)": 3.1147,
            "p(95)": 3.931434999999997
        },
        "http_req_failed": {
            "passes": 0,
            "fails": 36000,
            "value": 0
        },
        "vus": {
            "value": 100,
            "min": 100,
            "max": 100
        },
        "vus_max": {
            "max": 100,
            "value": 100,
            "min": 100
        },
        "http_req_blocked": {
            "max": 8.999,
            "p(90)": 0,
            "p(95)": 0,
            "avg": 0.022848933333333345,
            "min": 0,
            "med": 0
        },
        "http_reqs": {
            "count": 36000,
            "rate": 199.03704275361844
        },
        "data_sent": {
            "count": 6264000,
            "rate": 34632.44543912961
        },
        "data_received": {
            "count": 47075700,
            "rate": 260272.4475987921
        },
        "http_req_receiving": {
            "p(95)": 0.32025999999999477,
            "avg": 0.031128097222222196,
            "min": 0,
            "med": 0,
            "max": 4.7474,
            "p(90)": 0
        }
    },
    "root_group": {
        "groups": {},
        "checks": {
                "responseUsers OK": {
                    "passes": 18000,
                    "fails": 0,
                    "name": "responseUsers OK",
                    "path": "::responseUsers OK",
                    "id": "01c2e23b6544cd3dd059e8122d3d2b8b"
                },
                "responsePlaylists OK": {
                    "name": "responsePlaylists OK",
                    "path": "::responsePlaylists OK",
                    "id": "9f74c8d66f6a7c84373a93d5a18fb5b1",
                    "passes": 18000,
                    "fails": 0
                }
            },
        "name": "",
        "path": "",
        "id": "d41d8cd98f00b204e9800998ecf8427e"
    }
}