{
    "root_group": {
        "name": "",
        "path": "",
        "id": "d41d8cd98f00b204e9800998ecf8427e",
        "groups": {},
        "checks": {
                "responseUsers OK": {
                    "passes": 17231,
                    "fails": 0,
                    "name": "responseUsers OK",
                    "path": "::responseUsers OK",
                    "id": "01c2e23b6544cd3dd059e8122d3d2b8b"
                },
                "responsePlaylists OK": {
                    "id": "9f74c8d66f6a7c84373a93d5a18fb5b1",
                    "passes": 17231,
                    "fails": 0,
                    "name": "responsePlaylists OK",
                    "path": "::responsePlaylists OK"
                },
                "responseSongs OK": {
                    "name": "responseSongs OK",
                    "path": "::responseSongs OK",
                    "id": "4cf9be2dbe8da2a6c77c1137378c7ca4",
                    "passes": 17231,
                    "fails": 0
                }
            }
    },
    "metrics": {
        "http_req_failed": {
            "passes": 0,
            "fails": 51707,
            "value": 0
        },
        "vus": {
            "value": 100,
            "min": 100,
            "max": 100
        },
        "vus_max": {
            "max": 100,
            "value": 100,
            "min": 100
        },
        "http_req_blocked": {
            "min": 0,
            "med": 0,
            "max": 20.7184,
            "p(90)": 0,
            "p(95)": 0,
            "avg": 0.00992746823447502
        },
        "data_sent": {
            "count": 10326496,
            "rate": 57367.246633135044
        },
        "data_received": {
            "rate": 413157.9758872733,
            "count": 74371256
        },
        "http_req_duration{expected_response:true}": {
            "p(90)": 25.73484000000001,
            "p(95)": 49.634149999999984,
            "avg": 14.44092198348359,
            "min": 0,
            "med": 7.8528,
            "max": 275.3282
        },
        "iteration_duration": {
            "avg": 1047.0801392661347,
            "min": 1002.6197,
            "med": 1027.9188,
            "max": 1517.6409,
            "p(90)": 1079.68032,
            "p(95)": 1166.02089
        },
        "http_req_waiting": {
            "avg": 14.229090974142602,
            "min": 0,
            "med": 7.6242,
            "max": 274.5731,
            "p(90)": 25.538120000000003,
            "p(95)": 49.29365999999998
        },
        "http_req_sending": {
            "p(90)": 0.0722,
            "p(95)": 0.1419,
            "avg": 0.034677892741795134,
            "min": 0,
            "med": 0,
            "max": 27.2514
        },
        "http_req_tls_handshaking": {
            "min": 0,
            "med": 0,
            "max": 0,
            "p(90)": 0,
            "p(95)": 0,
            "avg": 0
        },
        "http_req_receiving": {
            "max": 30.0015,
            "p(90)": 0.9549400000000001,
            "p(95)": 1.0006,
            "avg": 0.1771531165993006,
            "min": 0,
            "med": 0
        },
        "checks": {
            "passes": 51693,
            "fails": 0,
            "value": 1
        },
        "iterations": {
            "count": 17142,
            "rate": 95.2297218519429
        },
        "http_req_duration": {
            "avg": 14.44092198348359,
            "min": 0,
            "med": 7.8528,
            "max": 275.3282,
            "p(90)": 25.73484000000001,
            "p(95)": 49.634149999999984
        },
        "http_req_connecting": {
            "med": 0,
            "max": 3.9979,
            "p(90)": 0,
            "p(95)": 0,
            "avg": 0.0014113562960527586,
            "min": 0
        },
        "http_reqs": {
            "count": 51707,
            "rate": 287.2502174657806
        }
    }
}