{
    "root_group": {
        "id": "d41d8cd98f00b204e9800998ecf8427e",
        "groups": {},
        "checks": {
                "responseUsers OK": {
                    "id": "01c2e23b6544cd3dd059e8122d3d2b8b",
                    "passes": 9000,
                    "fails": 0,
                    "name": "responseUsers OK",
                    "path": "::responseUsers OK"
                },
                "responsePlaylists OK": {
                    "name": "responsePlaylists OK",
                    "path": "::responsePlaylists OK",
                    "id": "9f74c8d66f6a7c84373a93d5a18fb5b1",
                    "passes": 9000,
                    "fails": 0
                }
            },
        "name": "",
        "path": ""
    },
    "metrics": {
        "http_req_connecting": {
            "p(95)": 0,
            "avg": 0.013952005555555551,
            "min": 0,
            "med": 0,
            "max": 3.9986,
            "p(90)": 0
        },
        "http_req_sending": {
            "avg": 0.004609433333333336,
            "min": 0,
            "med": 0,
            "max": 0.9971,
            "p(90)": 0,
            "p(95)": 0
        },
        "http_req_duration{expected_response:true}": {
            "avg": 1.6997193222222273,
            "min": 0,
            "med": 1.6093,
            "max": 13.001,
            "p(90)": 2.9121,
            "p(95)": 3.405144999999999
        },
        "data_received": {
            "count": 23537850,
            "rate": 130217.68372990807
        },
        "vus_max": {
            "value": 50,
            "min": 50,
            "max": 50
        },
        "data_sent": {
            "count": 3132000,
            "rate": 17327.061963691332
        },
        "http_req_blocked": {
            "avg": 0.01735982777777775,
            "min": 0,
            "med": 0,
            "max": 4.9996,
            "p(90)": 0,
            "p(95)": 0
        },
        "http_req_receiving": {
            "avg": 0.030015794444444414,
            "min": 0,
            "med": 0,
            "max": 2.1661,
            "p(90)": 0,
            "p(95)": 0.25024499999999933
        },
        "http_req_waiting": {
            "p(95)": 3.3709,
            "avg": 1.6650940944444494,
            "min": 0,
            "med": 1.5977,
            "max": 13.001,
            "p(90)": 2.8689
        },
        "http_req_tls_handshaking": {
            "avg": 0,
            "min": 0,
            "med": 0,
            "max": 0,
            "p(90)": 0,
            "p(95)": 0
        },
        "vus": {
            "min": 50,
            "max": 50,
            "value": 50
        },
        "iterations": {
            "count": 9000,
            "rate": 49.79040794164177
        },
        "checks": {
            "passes": 18000,
            "fails": 0,
            "value": 1
        },
        "http_req_duration": {
            "avg": 1.6997193222222273,
            "min": 0,
            "med": 1.6093,
            "max": 13.001,
            "p(90)": 2.9121,
            "p(95)": 3.405144999999999
        },
        "http_req_failed": {
            "passes": 0,
            "fails": 18000,
            "value": 0
        },
        "iteration_duration": {
            "med": 1003.7886,
            "max": 1019.6215,
            "p(90)": 1005.4091,
            "p(95)": 1006.09305,
            "avg": 1004.0486969888854,
            "min": 1001.6149
        },
        "http_reqs": {
            "count": 18000,
            "rate": 99.58081588328353
        }
    }
}