{
    "root_group": {
        "checks": {
            "URL": {
                "path": "::URL",
                "id": "ae0180d09bbeabb097fd05e9fb20edcd",
                "passes": 17822,
                "fails": 0,
                "name": "URL"
            }
        },
        "name": "",
        "path": "",
        "id": "d41d8cd98f00b204e9800998ecf8427e",
        "groups": {}
    },
    "metrics": {
        "vus_max": {
            "value": 100,
            "min": 100,
            "max": 100
        },
        "http_req_waiting": {
            "max": 172.7479,
            "p(90)": 13.43294,
            "p(95)": 16.80566500000001,
            "avg": 7.005685641342202,
            "min": 0,
            "med": 5.08975
        },
        "iterations": {
            "count": 17738,
            "rate": 98.53762186373596
        },
        "http_req_failed": {
            "passes": 0,
            "fails": 17822,
            "value": 0
        },
        "http_req_duration{expected_response:true}": {
            "avg": 7.071646408932811,
            "min": 0,
            "med": 5.15,
            "max": 172.7479,
            "p(90)": 13.53731,
            "p(95)": 16.869695000000007
        },
        "http_req_blocked": {
            "avg": 0.013601329817080001,
            "min": 0,
            "med": 0,
            "max": 3.9964,
            "p(90)": 0,
            "p(95)": 0
        },
        "checks": {
            "passes": 17822,
            "fails": 0,
            "value": 1
        },
        "http_req_tls_handshaking": {
            "max": 0,
            "p(90)": 0,
            "p(95)": 0,
            "avg": 0,
            "min": 0,
            "med": 0
        },
        "iteration_duration": {
            "p(90)": 1016.6159,
            "p(95)": 1018.9002,
            "avg": 1011.6002421298992,
            "min": 1000.0604,
            "med": 1012.0116,
            "max": 1180.0015
        },
        "data_sent": {
            "count": 3956484,
            "rate": 21978.94488115467
        },
        "data_received": {
            "count": 27695388,
            "rate": 153852.61416808268
        },
        "http_req_receiving": {
            "max": 8.659,
            "p(90)": 0.2440599999999995,
            "p(95)": 0.5113,
            "avg": 0.05626014476489728,
            "min": 0,
            "med": 0
        },
        "http_req_sending": {
            "avg": 0.009700622825721018,
            "min": 0,
            "med": 0,
            "max": 1.186,
            "p(90)": 0,
            "p(95)": 0
        },
        "vus": {
            "value": 100,
            "min": 100,
            "max": 100
        },
        "http_req_connecting": {
            "avg": 0.0029187072158006963,
            "min": 0,
            "med": 0,
            "max": 3.0008,
            "p(90)": 0,
            "p(95)": 0
        },
        "http_reqs": {
            "count": 17822,
            "rate": 99.00425622141744
        },
        "http_req_duration": {
            "min": 0,
            "med": 5.15,
            "max": 172.7479,
            "p(90)": 13.53731,
            "p(95)": 16.869695000000007,
            "avg": 7.071646408932811
        }
    }
}