{
    "root_group": {
        "id": "d41d8cd98f00b204e9800998ecf8427e",
        "groups": {},
        "checks": {
                "URL": {
                    "name": "URL",
                    "path": "::URL",
                    "id": "ae0180d09bbeabb097fd05e9fb20edcd",
                    "passes": 8950,
                    "fails": 0
                }
            },
        "name": "",
        "path": ""
    },
    "metrics": {
        "http_req_failed": {
            "passes": 0,
            "fails": 8950,
            "value": 0
        },
        "checks": {
            "passes": 8950,
            "fails": 0,
            "value": 1
        },
        "http_req_duration{expected_response:true}": {
            "min": 0,
            "med": 8.0177,
            "max": 38.9767,
            "p(90)": 14.450880000000002,
            "p(95)": 15.88557,
            "avg": 8.101116134078183
        },
        "iteration_duration": {
            "max": 1041.4545,
            "p(90)": 1015.83546,
            "p(95)": 1016.7884,
            "avg": 1010.8594862921444,
            "min": 1000.0478,
            "med": 1011.7228
        },
        "http_req_receiving": {
            "avg": 0.049218826815642505,
            "min": 0,
            "med": 0,
            "max": 1.4568,
            "p(90)": 0.12722000000000117,
            "p(95)": 0.5086099999999999
        },
        "http_reqs": {
            "count": 8950,
            "rate": 49.721355219902065
        },
        "data_received": {
            "count": 13908300,
            "rate": 77266.98601172781
        },
        "http_req_waiting": {
            "min": 0,
            "med": 7.997249999999999,
            "max": 38.9767,
            "p(90)": 14.362870000000003,
            "p(95)": 15.795924999999997,
            "avg": 8.042941821229023
        },
        "vus": {
            "value": 29,
            "min": 29,
            "max": 50
        },
        "http_req_duration": {
            "avg": 8.101116134078183,
            "min": 0,
            "med": 8.0177,
            "max": 38.9767,
            "p(90)": 14.450880000000002,
            "p(95)": 15.88557
        },
        "data_sent": {
            "count": 1986900,
            "rate": 11038.140858818258
        },
        "http_req_tls_handshaking": {
            "med": 0,
            "max": 0,
            "p(90)": 0,
            "p(95)": 0,
            "avg": 0,
            "min": 0
        },
        "http_req_sending": {
            "p(90)": 0,
            "p(95)": 0,
            "avg": 0.008955486033519554,
            "min": 0,
            "med": 0,
            "max": 1.0298
        },
        "http_req_blocked": {
            "avg": 0.009039050279329604,
            "min": 0,
            "med": 0,
            "max": 3.9978,
            "p(90)": 0,
            "p(95)": 0
        },
        "iterations": {
            "count": 8900,
            "rate": 49.443582285712665
        },
        "http_req_connecting": {
            "avg": 0.002234033519553073,
            "min": 0,
            "med": 0,
            "max": 0.9998,
            "p(90)": 0,
            "p(95)": 0
        },
        "vus_max": {
            "value": 50,
            "min": 50,
            "max": 50
        }
    }
}