{
    "metrics": {
        "http_req_failed": {
            "passes": 0,
            "fails": 36000,
            "value": 0
        },
        "data_sent": {
            "count": 6264000,
            "rate": 34630.666200607775
        },
        "http_reqs": {
            "count": 36000,
            "rate": 199.0268172448723
        },
        "http_req_receiving": {
            "p(95)": 0.3062049999999996,
            "avg": 0.031139074999999967,
            "min": 0,
            "med": 0,
            "max": 4.2518,
            "p(90)": 0
        },
        "iterations": {
            "count": 18000,
            "rate": 99.51340862243615
        },
        "http_req_sending": {
            "med": 0,
            "max": 2.0085,
            "p(90)": 0,
            "p(95)": 0,
            "avg": 0.005255369444444445,
            "min": 0
        },
        "http_req_waiting": {
            "max": 26.8125,
            "p(90)": 3.295650000000001,
            "p(95)": 4.1944,
            "avg": 1.8672905722222257,
            "min": 0,
            "med": 1.6139
        },
        "vus_max": {
            "value": 100,
            "min": 100,
            "max": 100
        },
        "http_req_duration{expected_response:true}": {
            "min": 0,
            "med": 1.6274,
            "max": 26.8125,
            "p(90)": 3.3315,
            "p(95)": 4.2475,
            "avg": 1.9036850166666583
        },
        "iteration_duration": {
            "avg": 1004.4571654444434,
            "min": 1001.5723,
            "med": 1003.86355,
            "max": 1034.1669,
            "p(90)": 1006.41024,
            "p(95)": 1008.2552
        },
        "data_received": {
            "count": 47075700,
            "rate": 260259.07612706762
        },
        "http_req_blocked": {
            "min": 0,
            "med": 0,
            "max": 8.9998,
            "p(90)": 0,
            "p(95)": 0,
            "avg": 0.02351632500000004
        },
        "checks": {
            "passes": 36000,
            "fails": 0,
            "value": 1
        },
        "vus": {
            "value": 100,
            "min": 100,
            "max": 100
        },
        "http_req_tls_handshaking": {
            "avg": 0,
            "min": 0,
            "med": 0,
            "max": 0,
            "p(90)": 0,
            "p(95)": 0
        },
        "http_req_duration": {
            "min": 0,
            "med": 1.6274,
            "max": 26.8125,
            "p(90)": 3.3315,
            "p(95)": 4.2475,
            "avg": 1.9036850166666583
        },
        "http_req_connecting": {
            "avg": 0.014305480555555559,
            "min": 0,
            "med": 0,
            "max": 6,
            "p(90)": 0,
            "p(95)": 0
        }
    },
    "root_group": {
        "path": "",
        "id": "d41d8cd98f00b204e9800998ecf8427e",
        "groups": {},
        "checks": {
                "responseUsers OK": {
                    "name": "responseUsers OK",
                    "path": "::responseUsers OK",
                    "id": "01c2e23b6544cd3dd059e8122d3d2b8b",
                    "passes": 18000,
                    "fails": 0
                },
                "responsePlaylists OK": {
                    "name": "responsePlaylists OK",
                    "path": "::responsePlaylists OK",
                    "id": "9f74c8d66f6a7c84373a93d5a18fb5b1",
                    "passes": 18000,
                    "fails": 0
                }
            },
        "name": ""
    }
}