{
    "metrics": {
        "data_received": {
            "count": 2781660,
            "rate": 15452.370719257695
        },
        "http_req_waiting": {
            "avg": 4.008670726256981,
            "min": 0,
            "med": 3.6878,
            "max": 16.9137,
            "p(90)": 6.9897,
            "p(95)": 7.888065
        },
        "http_req_sending": {
            "min": 0,
            "med": 0,
            "max": 0.9901,
            "p(90)": 0,
            "p(95)": 0,
            "avg": 0.009156815642458103
        },
        "iteration_duration": {
            "avg": 1010.8884046629139,
            "min": 1000.7074,
            "med": 1012.0927,
            "max": 1018.1496,
            "p(90)": 1015.68434,
            "p(95)": 1016.4068199999999
        },
        "iterations": {
            "count": 1780,
            "rate": 9.888059604796668
        },
        "http_req_duration": {
            "avg": 4.092323854748606,
            "min": 0,
            "med": 3.79985,
            "max": 16.9137,
            "p(90)": 7.03216,
            "p(95)": 7.991005
        },
        "http_req_connecting": {
            "avg": 0.005580446927374302,
            "min": 0,
            "med": 0,
            "max": 0.9989,
            "p(90)": 0,
            "p(95)": 0
        },
        "checks": {
            "passes": 1790,
            "fails": 0,
            "value": 1
        },
        "http_req_failed": {
            "passes": 0,
            "fails": 1790,
            "value": 0
        },
        "http_req_duration{expected_response:true}": {
            "p(95)": 7.991005,
            "avg": 4.092323854748606,
            "min": 0,
            "med": 3.79985,
            "max": 16.9137,
            "p(90)": 7.03216
        },
        "http_req_receiving": {
            "med": 0,
            "max": 1.0308,
            "p(90)": 0.5047,
            "p(95)": 0.51621,
            "avg": 0.074496312849162,
            "min": 0
        },
        "vus": {
            "value": 10,
            "min": 10,
            "max": 10
        },
        "http_req_tls_handshaking": {
            "avg": 0,
            "min": 0,
            "med": 0,
            "max": 0,
            "p(90)": 0,
            "p(95)": 0
        },
        "data_sent": {
            "count": 397380,
            "rate": 2207.4815313225276
        },
        "vus_max": {
            "min": 10,
            "max": 10,
            "value": 10
        },
        "http_req_blocked": {
            "max": 1.9995,
            "p(90)": 0,
            "p(95)": 0,
            "avg": 0.012006536312849161,
            "min": 0,
            "med": 0
        },
        "http_reqs": {
            "count": 1790,
            "rate": 9.943610501452829
        }
    },
    "root_group": {
        "name": "",
        "path": "",
        "id": "d41d8cd98f00b204e9800998ecf8427e",
        "groups": {},
        "checks": {
                "URL": {
                    "id": "ae0180d09bbeabb097fd05e9fb20edcd",
                    "passes": 1790,
                    "fails": 0,
                    "name": "URL",
                    "path": "::URL"
                }
            }
    }
}