{
    "root_group": {
        "name": "",
        "path": "",
        "id": "d41d8cd98f00b204e9800998ecf8427e",
        "groups": {},
        "checks": {
                "responseUsers OK": {
                    "name": "responseUsers OK",
                    "path": "::responseUsers OK",
                    "id": "01c2e23b6544cd3dd059e8122d3d2b8b",
                    "passes": 17625,
                    "fails": 0
                },
                "responsePlaylists OK": {
                    "name": "responsePlaylists OK",
                    "path": "::responsePlaylists OK",
                    "id": "9f74c8d66f6a7c84373a93d5a18fb5b1",
                    "passes": 17625,
                    "fails": 0
                }
            }
    },
    "metrics": {
        "http_reqs": {
            "count": 35250,
            "rate": 195.81147359312632
        },
        "http_req_duration": {
            "p(90)": 17.13290000000001,
            "p(95)": 22.72797999999999,
            "avg": 10.02852161702128,
            "min": 0,
            "med": 7.26985,
            "max": 199.3471
        },
        "http_req_duration{expected_response:true}": {
            "avg": 10.02852161702128,
            "min": 0,
            "med": 7.26985,
            "max": 199.3471,
            "p(90)": 17.13290000000001,
            "p(95)": 22.72797999999999
        },
        "http_req_blocked": {
            "avg": 0.016459112056737578,
            "min": 0,
            "med": 0,
            "max": 17.2278,
            "p(90)": 0,
            "p(95)": 0
        },
        "http_req_connecting": {
            "med": 0,
            "max": 6.0001,
            "p(90)": 0,
            "p(95)": 0,
            "avg": 0.005474709219858152,
            "min": 0
        },
        "http_req_receiving": {
            "p(95)": 1.0013,
            "avg": 0.18693367092198562,
            "min": 0,
            "med": 0,
            "max": 39.4067,
            "p(90)": 0.9874
        },
        "http_req_failed": {
            "passes": 0,
            "fails": 35250,
            "value": 0
        },
        "vus_max": {
            "value": 100,
            "min": 100,
            "max": 100
        },
        "http_req_tls_handshaking": {
            "avg": 0,
            "min": 0,
            "med": 0,
            "max": 0,
            "p(90)": 0,
            "p(95)": 0
        },
        "data_sent": {
            "count": 7437972,
            "rate": 41317.454123813135
        },
        "iterations": {
            "count": 17529,
            "rate": 97.37246299613932
        },
        "http_req_sending": {
            "avg": 0.042959321985815736,
            "min": 0,
            "med": 0,
            "max": 4.0472,
            "p(90)": 0.0861,
            "p(95)": 0.517
        },
        "checks": {
            "passes": 35250,
            "fails": 0,
            "value": 1
        },
        "vus": {
            "value": 100,
            "min": 100,
            "max": 100
        },
        "http_req_waiting": {
            "avg": 9.798628624113437,
            "min": 0,
            "med": 7.0002,
            "max": 198.9386,
            "p(90)": 16.840970000000002,
            "p(95)": 22.500889999999984
        },
        "iteration_duration": {
            "max": 1385.3739,
            "p(90)": 1036.6287,
            "p(95)": 1048.16788,
            "avg": 1024.0684224313986,
            "min": 1001.9837,
            "med": 1020.504
        },
        "data_received": {
            "count": 46794375,
            "rate": 259939.73119487517
        }
    }
}