{
    "root_group": {
        "name": "",
        "path": "",
        "id": "d41d8cd98f00b204e9800998ecf8427e",
        "groups": {},
        "checks": {
                "responseUsers OK": {
                    "id": "01c2e23b6544cd3dd059e8122d3d2b8b",
                    "passes": 1800,
                    "fails": 0,
                    "name": "responseUsers OK",
                    "path": "::responseUsers OK"
                }
            }
    },
    "metrics": {
        "http_req_duration{expected_response:true}": {
            "p(90)": 3.6424,
            "p(95)": 4.2432,
            "avg": 3.1970593888888987,
            "min": 1.1877,
            "med": 2.5125,
            "max": 80.1341
        },
        "http_req_tls_handshaking": {
            "p(95)": 0,
            "avg": 0,
            "min": 0,
            "med": 0,
            "max": 0,
            "p(90)": 0
        },
        "iteration_duration": {
            "avg": 1004.0419045555551,
            "min": 1001.6589,
            "med": 1003.3313,
            "max": 1084.1874,
            "p(90)": 1004.8612,
            "p(95)": 1005.3206899999999
        },
        "http_reqs": {
            "count": 1800,
            "rate": 9.959661682576225
        },
        "http_req_waiting": {
            "p(95)": 4.1747,
            "avg": 3.0920297222222355,
            "min": 1.1877,
            "med": 2.5023,
            "max": 79.0034,
            "p(90)": 3.5410700000000013
        },
        "data_received": {
            "count": 3886390,
            "rate": 21503.960870304123
        },
        "http_req_duration": {
            "p(90)": 3.6424,
            "p(95)": 4.2432,
            "avg": 3.1970593888888987,
            "min": 1.1877,
            "med": 2.5125,
            "max": 80.1341
        },
        "vus_max": {
            "min": 10,
            "max": 10,
            "value": 10
        },
        "data_sent": {
            "count": 354600,
            "rate": 1962.0533514675164
        },
        "http_req_failed": {
            "passes": 0,
            "fails": 1800,
            "value": 0
        },
        "http_req_receiving": {
            "min": 0,
            "med": 0,
            "max": 1.1307,
            "p(90)": 0.6640100000000004,
            "p(95)": 0.8643249999999999,
            "avg": 0.10060194444444444
        },
        "vus": {
            "max": 10,
            "value": 10,
            "min": 10
        },
        "http_req_sending": {
            "p(90)": 0,
            "p(95)": 0,
            "avg": 0.004427722222222223,
            "min": 0,
            "med": 0,
            "max": 1.0652
        },
        "http_req_blocked": {
            "avg": 0.021789333333333334,
            "min": 0,
            "med": 0,
            "max": 2.998,
            "p(90)": 0,
            "p(95)": 0
        },
        "checks": {
            "passes": 1800,
            "fails": 0,
            "value": 1
        },
        "iterations": {
            "count": 1800,
            "rate": 9.959661682576225
        },
        "http_req_connecting": {
            "p(95)": 0,
            "avg": 0.01524472222222222,
            "min": 0,
            "med": 0,
            "max": 1.9992,
            "p(90)": 0
        }
    }
}