{
    "metrics": {
        "http_req_blocked": {
            "min": 0,
            "med": 0,
            "max": 2.0041,
            "p(90)": 0,
            "p(95)": 0,
            "avg": 0.006845724555429434
        },
        "vus": {
            "value": 10,
            "min": 10,
            "max": 10
        },
        "checks": {
            "passes": 5286,
            "fails": 0,
            "value": 1
        },
        "data_received": {
            "count": 7603030,
            "rate": 42235.71231735422
        },
        "http_req_receiving": {
            "avg": 0.19538600075671564,
            "min": 0,
            "med": 0,
            "max": 3.9999,
            "p(90)": 0.99195,
            "p(95)": 1.0018
        },
        "vus_max": {
            "value": 10,
            "min": 10,
            "max": 10
        },
        "http_req_duration{expected_response:true}": {
            "max": 26.938,
            "p(90)": 9.319949999999999,
            "p(95)": 10.765425,
            "avg": 5.645942243662517,
            "min": 0.1125,
            "med": 5.16675
        },
        "data_sent": {
            "count": 1055438,
            "rate": 5863.08034254813
        },
        "http_req_duration": {
            "avg": 5.645942243662517,
            "min": 0.1125,
            "med": 5.16675,
            "max": 26.938,
            "p(90)": 9.319949999999999,
            "p(95)": 10.765425
        },
        "iteration_duration": {
            "avg": 1023.7966727168973,
            "min": 1004.8994,
            "med": 1024.6702500000001,
            "max": 1073.4586,
            "p(90)": 1032.1515,
            "p(95)": 1033.6306149999998
        },
        "http_req_sending": {
            "avg": 0.040876655315928906,
            "min": 0,
            "med": 0,
            "max": 1.6382,
            "p(90)": 0.0854,
            "p(95)": 0.333825
        },
        "http_req_failed": {
            "passes": 0,
            "fails": 5286,
            "value": 0
        },
        "http_req_tls_handshaking": {
            "min": 0,
            "med": 0,
            "max": 0,
            "p(90)": 0,
            "p(95)": 0,
            "avg": 0
        },
        "iterations": {
            "count": 1752,
            "rate": 9.732562936093188
        },
        "http_req_connecting": {
            "p(90)": 0,
            "p(95)": 0,
            "avg": 0.000760802118804389,
            "min": 0,
            "med": 0,
            "max": 1.0054
        },
        "http_reqs": {
            "count": 5286,
            "rate": 29.364342283212668
        },
        "http_req_waiting": {
            "avg": 5.409679587589875,
            "min": 0,
            "med": 4.9122,
            "max": 26.938,
            "p(90)": 9.05955,
            "p(95)": 10.524025
        }
    },
    "root_group": {
        "name": "",
        "path": "",
        "id": "d41d8cd98f00b204e9800998ecf8427e",
        "groups": {},
        "checks": {
                "responseUsers OK": {
                    "name": "responseUsers OK",
                    "path": "::responseUsers OK",
                    "id": "01c2e23b6544cd3dd059e8122d3d2b8b",
                    "passes": 1762,
                    "fails": 0
                },
                "responsePlaylists OK": {
                    "path": "::responsePlaylists OK",
                    "id": "9f74c8d66f6a7c84373a93d5a18fb5b1",
                    "passes": 1762,
                    "fails": 0,
                    "name": "responsePlaylists OK"
                },
                "responseSongs OK": {
                    "name": "responseSongs OK",
                    "path": "::responseSongs OK",
                    "id": "4cf9be2dbe8da2a6c77c1137378c7ca4",
                    "passes": 1762,
                    "fails": 0
                }
            }
    }
}