{
    "root_group": {
        "id": "d41d8cd98f00b204e9800998ecf8427e",
        "groups": {},
        "checks": {
                "responseUsers OK": {
                    "name": "responseUsers OK",
                    "path": "::responseUsers OK",
                    "id": "01c2e23b6544cd3dd059e8122d3d2b8b",
                    "passes": 8854,
                    "fails": 0
                },
                "responsePlaylists OK": {
                    "id": "9f74c8d66f6a7c84373a93d5a18fb5b1",
                    "passes": 8854,
                    "fails": 0,
                    "name": "responsePlaylists OK",
                    "path": "::responsePlaylists OK"
                }
            },
        "name": "",
        "path": ""
    },
    "metrics": {
        "http_req_failed": {
            "fails": 17708,
            "passes": 0,
            "value": 0
        },
        "data_received": {
            "count": 23507370,
            "rate": 130592.050003345
        },
        "http_req_blocked": {
            "avg": 0.015505398689857697,
            "min": 0,
            "med": 0,
            "max": 6.9998,
            "p(90)": 0,
            "p(95)": 0
        },
        "http_req_duration": {
            "min": 0,
            "med": 5.68555,
            "max": 72.558,
            "p(90)": 16.34558,
            "p(95)": 21.793339999999972,
            "avg": 7.90776968601762
        },
        "http_req_duration{expected_response:true}": {
            "med": 5.68555,
            "max": 72.558,
            "p(90)": 16.34558,
            "p(95)": 21.793339999999972,
            "avg": 7.90776968601762,
            "min": 0
        },
        "http_req_receiving": {
            "p(95)": 1.0002,
            "avg": 0.16146053761011991,
            "min": 0,
            "med": 0,
            "max": 6.7984,
            "p(90)": 0.9531
        },
        "iterations": {
            "count": 8804,
            "rate": 48.90944449461804
        },
        "iteration_duration": {
            "min": 1001.9482,
            "med": 1016.28295,
            "max": 1120.1054,
            "p(90)": 1035.0683800000002,
            "p(95)": 1046.58718,
            "avg": 1020.1747044865979
        },
        "vus": {
            "value": 50,
            "min": 50,
            "max": 50
        },
        "http_req_waiting": {
            "p(95)": 21.443519999999996,
            "avg": 7.7117515473232165,
            "min": 0,
            "med": 5.50095,
            "max": 72.558,
            "p(90)": 16.05329000000001
        },
        "http_req_tls_handshaking": {
            "avg": 0,
            "min": 0,
            "med": 0,
            "max": 0,
            "p(90)": 0,
            "p(95)": 0
        },
        "checks": {
            "passes": 17708,
            "fails": 0,
            "value": 1
        },
        "data_sent": {
            "count": 3736388,
            "rate": 20757.003804674798
        },
        "http_reqs": {
            "rate": 98.3744256145725,
            "count": 17708
        },
        "vus_max": {
            "value": 50,
            "min": 50,
            "max": 50
        },
        "http_req_connecting": {
            "min": 0,
            "med": 0,
            "max": 3.9963,
            "p(90)": 0,
            "p(95)": 0,
            "avg": 0.006548904449966116
        },
        "http_req_sending": {
            "avg": 0.03455760108425577,
            "min": 0,
            "med": 0,
            "max": 20.5653,
            "p(90)": 0.04423000000000011,
            "p(95)": 0.14079499999999934
        }
    }
}