{
    "root_group": {
        "groups": {},
        "checks": {
                "responseUsers OK": {
                    "name": "responseUsers OK",
                    "path": "::responseUsers OK",
                    "id": "01c2e23b6544cd3dd059e8122d3d2b8b",
                    "passes": 0,
                    "fails": 100
                },
                "responsePlaylists OK": {
                    "passes": 0,
                    "fails": 100,
                    "name": "responsePlaylists OK",
                    "path": "::responsePlaylists OK",
                    "id": "9f74c8d66f6a7c84373a93d5a18fb5b1"
                },
                "responseSongs OK": {
                    "name": "responseSongs OK",
                    "path": "::responseSongs OK",
                    "id": "4cf9be2dbe8da2a6c77c1137378c7ca4",
                    "passes": 0,
                    "fails": 100
                }
            },
        "name": "",
        "path": "",
        "id": "d41d8cd98f00b204e9800998ecf8427e"
    },
    "metrics": {
        "http_req_sending": {
            "p(90)": 0.032710000000000135,
            "p(95)": 0.05211500000000007,
            "avg": 0.019170000000000027,
            "min": 0.0049,
            "med": 0.0086,
            "max": 0.4633
        },
        "http_req_waiting": {
            "avg": 2.769564333333332,
            "min": 0.3053,
            "med": 0.96475,
            "max": 29.3229,
            "p(90)": 6.069560000000006,
            "p(95)": 14.840855000000001
        },
        "data_sent": {
            "count": 49700,
            "rate": 4969.1930030563035
        },
        "data_received": {
            "rate": 17667.13085794867,
            "count": 176700
        },
        "http_req_connecting": {
            "p(95)": 0,
            "avg": 0.025846666666666664,
            "min": 0,
            "med": 0,
            "max": 1.2357,
            "p(90)": 0
        },
        "http_req_duration": {
            "avg": 2.8481350000000005,
            "min": 0.3497,
            "med": 1.0133,
            "max": 29.4262,
            "p(90)": 6.21864000000001,
            "p(95)": 14.939425000000002
        },
        "iterations": {
            "count": 90,
            "rate": 8.998538637325298
        },
        "checks": {
            "passes": 0,
            "fails": 300,
            "value": 0
        },
        "http_req_failed": {
            "passes": 300,
            "fails": 0,
            "value": 1
        },
        "http_req_blocked": {
            "avg": 0.036494333333333476,
            "min": 0.0008,
            "med": 0.0018,
            "max": 1.4285,
            "p(90)": 0.006040000000000009,
            "p(95)": 0.015760000000000014
        },
        "vus": {
            "value": 10,
            "min": 10,
            "max": 10
        },
        "http_req_receiving": {
            "avg": 0.05940066666666669,
            "min": 0.0135,
            "med": 0.03985,
            "max": 0.4814,
            "p(90)": 0.09804000000000002,
            "p(95)": 0.12362000000000001
        },
        "vus_max": {
            "value": 10,
            "min": 10,
            "max": 10
        },
        "iteration_duration": {
            "p(95)": 1048.74541,
            "avg": 1009.9228588888892,
            "min": 1001.7081,
            "med": 1003.9728,
            "max": 1052.2282,
            "p(90)": 1046.78457
        },
        "http_req_tls_handshaking": {
            "med": 0,
            "max": 0,
            "p(90)": 0,
            "p(95)": 0,
            "avg": 0,
            "min": 0
        },
        "http_reqs": {
            "count": 300,
            "rate": 29.99512879108433
        }
    }
}