{
    "metrics": {
        "vus_max": {
            "max": 100,
            "value": 100,
            "min": 100
        },
        "data_sent": {
            "count": 6465192,
            "rate": 35778.63363852193
        },
        "data_received": {
            "rate": 151615.96613507296,
            "count": 27396975
        },
        "iteration_duration": {
            "avg": 1003.6908408833318,
            "min": 1001.0033,
            "med": 1003.1963499999999,
            "max": 1076.1434,
            "p(90)": 1005.28444,
            "p(95)": 1006.018995
        },
        "iterations": {
            "count": 18000,
            "rate": 99.61272696826248
        },
        "grpc_req_duration": {
            "min": 0,
            "med": 0.5385,
            "max": 4.0364,
            "p(90)": 1.0733,
            "p(95)": 1.0931,
            "avg": 0.6270556907407362
        },
        "checks": {
            "passes": 54000,
            "fails": 0,
            "value": 1
        },
        "vus": {
            "min": 100,
            "max": 100,
            "value": 100
        }
    },
    "root_group": {
        "name": "",
        "path": "",
        "id": "d41d8cd98f00b204e9800998ecf8427e",
        "groups": {},
        "checks": {
                "responseUsers OK": {
                    "name": "responseUsers OK",
                    "path": "::responseUsers OK",
                    "id": "01c2e23b6544cd3dd059e8122d3d2b8b",
                    "passes": 18000,
                    "fails": 0
                },
                "responsePlaylists OK": {
                    "name": "responsePlaylists OK",
                    "path": "::responsePlaylists OK",
                    "id": "9f74c8d66f6a7c84373a93d5a18fb5b1",
                    "passes": 18000,
                    "fails": 0
                },
                "responseMusics OK": {
                    "name": "responseMusics OK",
                    "path": "::responseMusics OK",
                    "id": "8843bd457f14e0d08aff9abb746c57e6",
                    "passes": 18000,
                    "fails": 0
                }
            }
    }
}