{
    "metrics": {
        "iteration_duration": {
            "p(90)": 1029.1179399999999,
            "p(95)": 1036.22158,
            "avg": 1018.6414925804605,
            "min": 1002.0448,
            "med": 1016.2851,
            "max": 1121.2644
        },
        "iterations": {
            "count": 8855,
            "rate": 48.91359021819228
        },
        "grpc_req_duration": {
            "p(95)": 7.99751,
            "avg": 4.158131818181804,
            "min": 0,
            "med": 3.855,
            "max": 50.3485,
            "p(90)": 6.8604
        },
        "checks": {
            "passes": 17710,
            "fails": 0,
            "value": 1
        },
        "vus": {
            "value": 5,
            "min": 5,
            "max": 50
        },
        "vus_max": {
            "min": 50,
            "max": 50,
            "value": 50
        },
        "data_sent": {
            "count": 2495494,
            "rate": 13784.705918459349
        },
        "data_received": {
            "count": 4820263,
            "rate": 26626.35450320883
        }
    },
    "root_group": {
        "name": "",
        "path": "",
        "id": "d41d8cd98f00b204e9800998ecf8427e",
        "groups": {},
        "checks": {
                "responseUsers OK": {
                    "name": "responseUsers OK",
                    "path": "::responseUsers OK",
                    "id": "01c2e23b6544cd3dd059e8122d3d2b8b",
                    "passes": 8855,
                    "fails": 0
                },
                "responsePlaylists OK": {
                    "name": "responsePlaylists OK",
                    "path": "::responsePlaylists OK",
                    "id": "9f74c8d66f6a7c84373a93d5a18fb5b1",
                    "passes": 8855,
                    "fails": 0
                }
            }
    }
}