{
    "root_group": {
        "groups": {},
        "checks": {
                "responseUsers OK": {
                    "name": "responseUsers OK",
                    "path": "::responseUsers OK",
                    "id": "01c2e23b6544cd3dd059e8122d3d2b8b",
                    "passes": 1763,
                    "fails": 0
                },
                "responsePlaylists OK": {
                    "passes": 1763,
                    "fails": 0,
                    "name": "responsePlaylists OK",
                    "path": "::responsePlaylists OK",
                    "id": "9f74c8d66f6a7c84373a93d5a18fb5b1"
                },
                "responseMusics OK": {
                    "name": "responseMusics OK",
                    "path": "::responseMusics OK",
                    "id": "8843bd457f14e0d08aff9abb746c57e6",
                    "passes": 1763,
                    "fails": 0
                }
            },
        "name": "",
        "path": "",
        "id": "d41d8cd98f00b204e9800998ecf8427e"
    },
    "metrics": {
        "grpc_req_duration": {
            "avg": 4.241688617886183,
            "min": 0,
            "med": 3.7733,
            "max": 45.3535,
            "p(90)": 7.20386,
            "p(95)": 8.204259999999996
        },
        "checks": {
            "passes": 5289,
            "fails": 0,
            "value": 1
        },
        "vus": {
            "value": 10,
            "min": 10,
            "max": 10
        },
        "vus_max": {
            "value": 10,
            "min": 10,
            "max": 10
        },
        "data_sent": {
            "rate": 3549.907892281004,
            "count": 640675
        },
        "data_received": {
            "count": 2600860,
            "rate": 14411.07182380766
        },
        "iteration_duration": {
            "max": 1065.1759,
            "p(90)": 1032.07776,
            "p(95)": 1034.79472,
            "avg": 1022.3749528077144,
            "min": 1003.0093,
            "med": 1021.4926
        },
        "iterations": {
            "count": 1763,
            "rate": 9.768584093481735
        }
    }
}