{
    "root_group": {
        "name": "",
        "path": "",
        "id": "d41d8cd98f00b204e9800998ecf8427e",
        "groups": {},
        "checks": {
                "responseUsers OK": {
                    "name": "responseUsers OK",
                    "path": "::responseUsers OK",
                    "id": "01c2e23b6544cd3dd059e8122d3d2b8b",
                    "passes": 1779,
                    "fails": 0
                },
                "responsePlaylists OK": {
                    "fails": 0,
                    "name": "responsePlaylists OK",
                    "path": "::responsePlaylists OK",
                    "id": "9f74c8d66f6a7c84373a93d5a18fb5b1",
                    "passes": 1779
                }
            }
    },
    "metrics": {
        "checks": {
            "passes": 3558,
            "fails": 0,
            "value": 1
        },
        "vus": {
            "value": 9,
            "min": 9,
            "max": 10
        },
        "vus_max": {
            "value": 10,
            "min": 10,
            "max": 10
        },
        "data_sent": {
            "count": 501315,
            "rate": 2769.336282592093
        },
        "data_received": {
            "count": 969734,
            "rate": 5356.950321979515
        },
        "iteration_duration": {
            "min": 1002.2588,
            "med": 1015.8983,
            "max": 1093.8659,
            "p(90)": 1026.4713800000002,
            "p(95)": 1030.07783,
            "avg": 1016.8740064643071
        },
        "iterations": {
            "count": 1779,
            "rate": 9.827452293929632
        },
        "grpc_req_duration": {
            "med": 3.32455,
            "max": 81.7056,
            "p(90)": 6.519740000000002,
            "p(95)": 7.680489999999997,
            "avg": 3.8052226812816277,
            "min": 0
        }
    }
}