{
    "root_group": {
        "name": "",
        "path": "",
        "id": "d41d8cd98f00b204e9800998ecf8427e",
        "groups": {},
        "checks": {
                "responseUsers OK": {
                    "passes": 9000,
                    "fails": 0,
                    "name": "responseUsers OK",
                    "path": "::responseUsers OK",
                    "id": "01c2e23b6544cd3dd059e8122d3d2b8b"
                },
                "responsePlaylists OK": {
                    "id": "9f74c8d66f6a7c84373a93d5a18fb5b1",
                    "passes": 9000,
                    "fails": 0,
                    "name": "responsePlaylists OK",
                    "path": "::responsePlaylists OK"
                }
            }
    },
    "metrics": {
        "vus_max": {
            "value": 50,
            "min": 50,
            "max": 50
        },
        "data_sent": {
            "count": 2518135,
            "rate": 13948.587567989855
        },
        "data_received": {
            "count": 5312815,
            "rate": 29429.027935368842
        },
        "iteration_duration": {
            "avg": 1002.8746651333342,
            "min": 1000.5509,
            "med": 1002.6452999999999,
            "max": 1037.2862,
            "p(90)": 1004.06094,
            "p(95)": 1004.46689
        },
        "iterations": {
            "rate": 49.85327955487243,
            "count": 9000
        },
        "grpc_req_duration": {
            "med": 0.5329,
            "max": 2.9993,
            "p(90)": 1.0497,
            "p(95)": 1.0723,
            "avg": 0.5634317111111121,
            "min": 0
        },
        "checks": {
            "fails": 0,
            "passes": 18000,
            "value": 1
        },
        "vus": {
            "value": 50,
            "min": 50,
            "max": 50
        }
    }
}