{
    "root_group": {
        "name": "",
        "path": "",
        "id": "d41d8cd98f00b204e9800998ecf8427e",
        "groups": {},
        "checks": {
                "responseUsers OK": {
                    "passes": 17800,
                    "fails": 0,
                    "name": "responseUsers OK",
                    "path": "::responseUsers OK",
                    "id": "01c2e23b6544cd3dd059e8122d3d2b8b"
                }
            }
    },
    "metrics": {
        "iteration_duration": {
            "p(90)": 1026.2235600000001,
            "p(95)": 1033.0253699999998,
            "avg": 1014.2914944269581,
            "min": 1000.5538,
            "med": 1012.0662500000001,
            "max": 1118.4998
        },
        "iterations": {
            "count": 17800,
            "rate": 98.51520680787633
        },
        "grpc_req_duration": {
            "p(90)": 5.1153200000000005,
            "p(95)": 6.0016,
            "avg": 3.2591383539326007,
            "min": 0,
            "med": 3.0029,
            "max": 48.174
        },
        "checks": {
            "passes": 17800,
            "fails": 0,
            "value": 1
        },
        "vus": {
            "value": 100,
            "min": 100,
            "max": 100
        },
        "vus_max": {
            "value": 100,
            "min": 100,
            "max": 100
        },
        "data_sent": {
            "count": 3529501,
            "rate": 19534.2427496408
        },
        "data_received": {
            "count": 5600304,
            "rate": 30995.230716122303
        }
    }
}