{
    "root_group": {
        "groups": {},
        "checks": {
                "responseUsers OK": {
                    "name": "responseUsers OK",
                    "path": "::responseUsers OK",
                    "id": "01c2e23b6544cd3dd059e8122d3d2b8b",
                    "passes": 8803,
                    "fails": 0
                },
                "responsePlaylists OK": {
                    "name": "responsePlaylists OK",
                    "path": "::responsePlaylists OK",
                    "id": "9f74c8d66f6a7c84373a93d5a18fb5b1",
                    "passes": 8803,
                    "fails": 0
                },
                "responseMusics OK": {
                    "name": "responseMusics OK",
                    "path": "::responseMusics OK",
                    "id": "8843bd457f14e0d08aff9abb746c57e6",
                    "passes": 8803,
                    "fails": 0
                }
            },
        "name": "",
        "path": "",
        "id": "d41d8cd98f00b204e9800998ecf8427e"
    },
    "metrics": {
        "iterations": {
            "rate": 48.65979644216947,
            "count": 8803
        },
        "grpc_req_duration": {
            "p(95)": 8.760559999999998,
            "avg": 4.66013454504144,
            "min": 0,
            "med": 4.3935,
            "max": 51.8359,
            "p(90)": 7.884860000000001
        },
        "checks": {
            "passes": 26409,
            "fails": 0,
            "value": 1
        },
        "vus": {
            "value": 50,
            "min": 50,
            "max": 50
        },
        "vus_max": {
            "value": 50,
            "min": 50,
            "max": 50
        },
        "data_sent": {
            "count": 3199053,
            "rate": 17683.206609986548
        },
        "data_received": {
            "count": 12955919,
            "rate": 71615.62890619515
        },
        "iteration_duration": {
            "min": 1002.4239,
            "med": 1024.2458,
            "max": 1161.1483,
            "p(90)": 1042.68596,
            "p(95)": 1052.0042799999999,
            "avg": 1025.8501566511432
        }
    }
}