{
    "metrics": {
        "checks": {
            "passes": 9000,
            "fails": 0,
            "value": 1
        },
        "vus": {
            "value": 50,
            "min": 50,
            "max": 50
        },
        "vus_max": {
            "value": 50,
            "min": 50,
            "max": 50
        },
        "data_sent": {
            "count": 1783630,
            "rate": 9886.44269612688
        },
        "data_received": {
            "count": 3232644,
            "rate": 17918.149875802934
        },
        "iteration_duration": {
            "avg": 1002.2387613000017,
            "min": 1000.0094,
            "med": 1002.0421,
            "max": 1025.0111,
            "p(90)": 1003.37191,
            "p(95)": 1003.8341700000001
        },
        "iterations": {
            "count": 9000,
            "rate": 49.88589800863516
        },
        "grpc_req_duration": {
            "p(90)": 0.9995,
            "p(95)": 1.0501,
            "avg": 0.4951991999999975,
            "min": 0,
            "med": 0.5283,
            "max": 2.3089
        }
    },
    "root_group": {
        "id": "d41d8cd98f00b204e9800998ecf8427e",
        "groups": {},
        "checks": {
                "responseUsers OK": {
                    "path": "::responseUsers OK",
                    "id": "01c2e23b6544cd3dd059e8122d3d2b8b",
                    "passes": 9000,
                    "fails": 0,
                    "name": "responseUsers OK"
                }
            },
        "name": "",
        "path": ""
    }
}